-- =============================================================================
-- dev-seed.sql —— 开发/测试种子（生成物，勿手改）
-- 生成器：apps/api/scripts/gen-dev-seed.sh
-- 来源：dumps/myj_dev_20260610_175641.sql（旧 schema 测试数据）
-- 账号：admin / Admin@1234（超管·全部门店）；ops / Ops@1234（运营·粤37893+粤39128）
-- =============================================================================
BEGIN;

COPY stores (id, store_code, store_name, province, city, address, latitude, longitude, opened_at, is_project_store, store_area_sqm, poi_category, status, created_at, updated_at) FROM stdin;
46950cd4-72c2-48ef-a546-e2ae20ced524	粤29790	肇庆鼎湖依云水岸	\N	肇庆	广东省肇庆市鼎湖区广利街道招商依云水岸6栋07-08卡商铺	23.211613	112.599785	\N	t	\N	\N	active	2026-05-15 08:37:37.156+00	2026-06-08 09:54:44.753867+00
91b6bc98-4feb-4e90-a2a7-cb31e9bfe340	粤37893	东莞万江碧桂园云樾	\N	东莞	广东省东莞市万江街道谷涌社区沿河路55号	23.074011	113.697447	\N	f	\N	\N	active	2026-05-15 08:37:37.156+00	2026-06-08 09:54:44.75691+00
8113166a-a7d3-4a94-a4d9-9c1f38049250	粤39128	东莞南城东园大厦	\N	东莞	广东省东莞市南城街道鸿福西路70号101	23.017271	113.736107	\N	t	\N	\N	active	2026-05-15 08:37:37.156+00	2026-06-08 09:54:44.757743+00
\.

-- admin / Admin@1234 ；ops / Ops@1234（bcrypt 预生成，仅测试环境使用）
INSERT INTO users (id, display_name, email, legacy_account, legacy_password_hash, status) VALUES
  ('11111111-1111-4111-8111-111111111111', '超级管理员', 'admin@myj.local', 'admin', '$2a$10$0MevVCieYemi5BseA.2Q3.xH6aZQXywGb5u2C63o4pPISJT2WjtBu', 'active'),
  ('22222222-2222-4222-8222-222222222222', '运营专员',   'ops@myj.local',   'ops',   '$2a$10$BItN5zR5rXXh.UQdyAV1oOkHg2REEKMg774oX.XINnpyk2PXE2mtO', 'active');

INSERT INTO user_roles (user_id, system_role) VALUES
  ('11111111-1111-4111-8111-111111111111', 'super_admin'),
  ('22222222-2222-4222-8222-222222222222', 'store_owner');

-- 超管绑全部 3 店（主店=粤37893）；运营仅绑 2 店
INSERT INTO user_stores (user_id, store_id, is_primary)
SELECT '11111111-1111-4111-8111-111111111111', id, (store_code = '粤37893') FROM stores;
INSERT INTO user_stores (user_id, store_id, is_primary)
SELECT '22222222-2222-4222-8222-222222222222', id, (store_code = '粤37893')
FROM stores WHERE store_code IN ('粤37893', '粤39128');

-- level 0：13 个场景（固定 UUID：…-8000-0000000000XX，XX = 场景码十六进制）
INSERT INTO hq_categories (id, parent_id, level, scene, category_code, category_name, display_order) VALUES
  ('00000000-0000-4000-8000-000000000000', NULL, 0, 0,  'S00', '糖巧', 0),
  ('00000000-0000-4000-8000-000000000001', NULL, 0, 1,  'S01', '面包架【常温奶】', 1),
  ('00000000-0000-4000-8000-000000000002', NULL, 0, 2,  'S02', '面包架【烘焙】', 2),
  ('00000000-0000-4000-8000-000000000003', NULL, 0, 3,  'S03', '小零食', 3),
  ('00000000-0000-4000-8000-000000000004', NULL, 0, 4,  'S04', '大休闲', 4),
  ('00000000-0000-4000-8000-000000000005', NULL, 0, 5,  'S05', '饼干膨化', 5),
  ('00000000-0000-4000-8000-000000000006', NULL, 0, 6,  'S06', '方便速食', 6),
  ('00000000-0000-4000-8000-000000000007', NULL, 0, 7,  'S07', '粮油调味', 7),
  ('00000000-0000-4000-8000-000000000008', NULL, 0, 8,  'S08', '酒', 8),
  ('00000000-0000-4000-8000-000000000009', NULL, 0, 9,  'S09', '玩具', 9),
  ('00000000-0000-4000-8000-00000000000a', NULL, 0, 10, 'S10', '日化', 10),
  ('00000000-0000-4000-8000-00000000000b', NULL, 0, 11, 'S11', '家杂', 11),
  ('00000000-0000-4000-8000-00000000000c', NULL, 0, 12, 'S12', '冷藏', 12);

-- L1 大类（28 行；按 docs/场景与品类标签.xlsx 总部官方 code 对齐 2026-06-14）
COPY hq_categories (id, parent_id, level, scene, category_code, category_name, display_order, is_active) FROM stdin;
887b1e95-e795-1065-f4ba-6e9327597cf3	00000000-0000-4000-8000-000000000000	1	\N	02	糖果&巧克力	0	t
feff935d-639e-4809-49ba-eff86e3534da	00000000-0000-4000-8000-000000000001	1	\N	27	常温乳制品	0	t
9b2537db-c77b-4d01-8e1f-24b08e5f6ade	00000000-0000-4000-8000-000000000002	1	\N	06	烘焙糕点	10	t
c921fd97-4630-19cb-a59a-d6f67e9b0682	00000000-0000-4000-8000-000000000003	1	\N	36	定量小包装	0	t
d25ce793-d8ab-7f1f-82da-3bfeb1c8284a	00000000-0000-4000-8000-000000000004	1	\N	31	坚果炒货	0	t
84b3d7d5-5df9-9bf1-c480-f62bc698ee7e	00000000-0000-4000-8000-000000000004	1	\N	35	休闲肉脯	1	t
151bb078-86fd-a52c-8eae-c9df449577b0	00000000-0000-4000-8000-000000000004	1	\N	34	休闲素食	2	t
9a274b88-8a33-abad-1ab6-1596d9baa310	00000000-0000-4000-8000-000000000004	1	\N	32	果干蜜饯	3	t
9b43f1c4-7ded-f267-1e8a-e9db34a5fb55	00000000-0000-4000-8000-000000000005	1	\N	10	膨化食品	0	t
779cdd87-62f9-a3af-db3f-e4f5b5903fa9	00000000-0000-4000-8000-000000000005	1	\N	39	饼干	1	t
fffa21a1-93e7-4bad-2ac0-7c552d9ad66e	00000000-0000-4000-8000-000000000006	1	\N	05	方便食品	0	t
8a6f3b29-0148-76b7-8dcb-d5383b444f78	00000000-0000-4000-8000-000000000007	1	\N	12	调味副食	0	t
75ddc6c4-33a2-655c-d155-a7615c61e90b	00000000-0000-4000-8000-000000000007	1	\N	40	粮油	1	t
69850a1b-7161-12d2-9dcb-88cb3942a886	00000000-0000-4000-8000-000000000007	1	\N	13	冲调品	2	t
23087f3b-804e-f8d2-ad22-1312e6076488	00000000-0000-4000-8000-000000000008	1	\N	11	酒类	0	t
ecab5d0c-ea28-cfd2-169c-73d5a101b03b	00000000-0000-4000-8000-000000000009	1	\N	37	玩具	0	t
251dbded-ddd8-7bea-864e-d2fc831f164f	00000000-0000-4000-8000-00000000000a	1	\N	52	卫生用品	0	t
b95367ab-7dd5-d847-551c-1aaa3006c655	00000000-0000-4000-8000-00000000000a	1	\N	51	家庭护理	1	t
02a4aade-4c10-600e-d068-6e0e5494cb4d	00000000-0000-4000-8000-00000000000a	1	\N	50	个人护理	2	t
da260eab-1c93-1a96-9056-c08568189af8	00000000-0000-4000-8000-00000000000a	1	\N	57	生活用纸	3	t
c4346303-5c4f-00c7-7004-51c2141ed379	00000000-0000-4000-8000-00000000000a	1	\N	49	口腔护理	4	t
befcf00a-3e8f-269e-21b9-6aba88ac9ff8	00000000-0000-4000-8000-00000000000a	1	\N	53	针织品及鞋类	5	t
2e1102bc-e845-3228-23d6-47ff10e1c1b3	00000000-0000-4000-8000-00000000000b	1	\N	54	家庭杂品	10	t
ec637dd6-a1b6-391f-7e49-7bdc30656d67	00000000-0000-4000-8000-00000000000b	1	\N	58	数码电器	11	t
06139a11-cf52-1af5-ea7c-4bf95adca40a	00000000-0000-4000-8000-00000000000b	1	\N	55	餐厨用品	12	t
22affcc2-ee92-574a-687d-6d67a1f12406	00000000-0000-4000-8000-00000000000b	1	\N	56	文具用品	13	t
e1655193-7d1b-6623-2cfb-176f290cfb19	00000000-0000-4000-8000-00000000000b	1	\N	41	宠物产品	14	t
72e67445-7bfa-40ed-a0a9-bb8536d7a1a2	00000000-0000-4000-8000-00000000000c	1	\N	15	冷藏品	0	t
\.

COPY hq_categories (id, parent_id, level, scene, category_code, category_name, display_order, is_active) FROM stdin;
a9ad9211-d67e-4616-a37f-4f13057cb8a4	9b2537db-c77b-4d01-8e1f-24b08e5f6ade	2	\N	0601	面包	0	t
c4d7b50e-9820-4580-8c33-9a8757010ea2	9b2537db-c77b-4d01-8e1f-24b08e5f6ade	2	\N	0602	蛋糕	0	t
08acd8ad-44bb-47b9-a265-867bee18c2e1	9b2537db-c77b-4d01-8e1f-24b08e5f6ade	2	\N	0603	吐司	0	t
66761fd2-bf43-4067-bdcf-0b5768ef403c	9b2537db-c77b-4d01-8e1f-24b08e5f6ade	2	\N	0604	三明治	0	t
5128a9c3-48c4-42b9-a62a-ea6052afc752	9b2537db-c77b-4d01-8e1f-24b08e5f6ade	2	\N	0605	中/西式糕点	0	t
45123717-1592-41a6-84e9-3223e14a6d90	9b2537db-c77b-4d01-8e1f-24b08e5f6ade	2	\N	0607	其他烘焙糕点	0	t
b911aa7c-2e9d-4534-9c15-d272b764ab8d	72e67445-7bfa-40ed-a0a9-bb8536d7a1a2	2	\N	1501	冷藏鲜奶	0	t
91db9476-f807-443c-a4d2-82e3cfae01e4	72e67445-7bfa-40ed-a0a9-bb8536d7a1a2	2	\N	1502	冷藏酸奶	0	t
da2ad419-6daf-4ffe-9751-7dcd253217d9	72e67445-7bfa-40ed-a0a9-bb8536d7a1a2	2	\N	1503	冷藏饮料	0	t
aeaea36d-0cdb-4cc4-85d2-f46920559b4c	72e67445-7bfa-40ed-a0a9-bb8536d7a1a2	2	\N	1504	冷藏其他	0	t
ab4a41cf-e8a1-47da-903e-92c8bd641c34	72e67445-7bfa-40ed-a0a9-bb8536d7a1a2	2	\N	1506	冷藏果汁	0	t
cf415179-38e5-4c39-b68f-3b04f55366bf	a9ad9211-d67e-4616-a37f-4f13057cb8a4	3	\N	060101	长保甜面包	0	t
0f966e46-7c55-4963-a215-34b7ce36c45f	a9ad9211-d67e-4616-a37f-4f13057cb8a4	3	\N	060102	长保咸面包	0	t
5e5c24e3-5424-4c01-a0d1-49dc25d721a5	a9ad9211-d67e-4616-a37f-4f13057cb8a4	3	\N	060103	长保其他面包	0	t
61defb42-c1b6-44aa-9384-2db0c47e1f3a	a9ad9211-d67e-4616-a37f-4f13057cb8a4	3	\N	060104	短保甜面包	0	t
c9b3551c-16ae-4d49-bac7-f5d367adfecd	a9ad9211-d67e-4616-a37f-4f13057cb8a4	3	\N	060105	短保咸面包	0	t
85942923-b99f-4066-b34a-336c4e3089d1	a9ad9211-d67e-4616-a37f-4f13057cb8a4	3	\N	060106	短保其他面包	0	t
fc1f7c70-98e9-4998-9239-e6bd83cfddd3	c4d7b50e-9820-4580-8c33-9a8757010ea2	3	\N	060201	长保风味蛋糕	0	t
8b0e05ab-0e3a-46aa-b38e-7305ade48a92	c4d7b50e-9820-4580-8c33-9a8757010ea2	3	\N	060202	长保装裱蛋糕	0	t
39631984-c85d-4a1b-870e-cdf860d7bcea	c4d7b50e-9820-4580-8c33-9a8757010ea2	3	\N	060203	长保夹心蛋糕	0	t
3acc5f58-604b-445a-a76b-5ee8d2e1572e	c4d7b50e-9820-4580-8c33-9a8757010ea2	3	\N	060204	长保其他蛋糕	0	t
48aec0b6-bd0d-4c7c-8151-43baa698a151	08acd8ad-44bb-47b9-a265-867bee18c2e1	3	\N	060301	长保风味吐司	0	t
581de149-dc60-436a-9ddd-b743343e5c7d	08acd8ad-44bb-47b9-a265-867bee18c2e1	3	\N	060302	长保调理吐司	0	t
72f4572c-4f0d-4574-bba1-cdc8be26ec26	08acd8ad-44bb-47b9-a265-867bee18c2e1	3	\N	060304	短保风味吐司	0	t
e44fda14-85aa-460c-9bfc-d76f334af9ac	08acd8ad-44bb-47b9-a265-867bee18c2e1	3	\N	060305	短保调理吐司	0	t
f71db0e1-2ba6-4b5f-9003-86feda386055	66761fd2-bf43-4067-bdcf-0b5768ef403c	3	\N	060401	长保全素三明治	0	t
6d601d4a-66e4-4c4c-a502-61baa6ffa8b2	66761fd2-bf43-4067-bdcf-0b5768ef403c	3	\N	060402	长保荤三明治	0	t
4f8c2ec3-a5dd-4a38-9988-073414785146	5128a9c3-48c4-42b9-a62a-ea6052afc752	3	\N	060502	酥饼	0	t
711a2784-3245-435e-9d3b-8d69b6c774ef	5128a9c3-48c4-42b9-a62a-ea6052afc752	3	\N	060505	铜锣烧	0	t
0e02ad58-4a05-44f9-b921-89a5f3e4b382	5128a9c3-48c4-42b9-a62a-ea6052afc752	3	\N	060506	麻薯	0	t
d5375ebe-dbb4-4fd1-8b58-59f0b6cdcbae	45123717-1592-41a6-84e9-3223e14a6d90	3	\N	060701	其他烘焙糕点	0	t
5ca4f594-1d01-4850-9866-b52442e78800	b911aa7c-2e9d-4534-9c15-d272b764ab8d	3	\N	150101	冷藏鲜牛奶	0	t
adb89b69-74e6-4f15-b3de-792600e73e1b	91db9476-f807-443c-a4d2-82e3cfae01e4	3	\N	150201	冷藏有料酸奶	0	t
bd6fa351-cdb7-4182-be29-694c675b45c0	91db9476-f807-443c-a4d2-82e3cfae01e4	3	\N	150202	冷藏无料酸奶	0	t
d4ba9240-eee5-462d-9fd3-6cd3c960c6dd	91db9476-f807-443c-a4d2-82e3cfae01e4	3	\N	150203	冷藏老酸奶	0	t
319b202c-31b0-4414-881f-a1899eda5e97	da2ad419-6daf-4ffe-9751-7dcd253217d9	3	\N	150302	冷藏乳饮品	0	t
4b2de1b3-bb9d-46bd-a6a5-e2c4300d10f9	da2ad419-6daf-4ffe-9751-7dcd253217d9	3	\N	150305	冷藏茶饮料	0	t
53ffd422-f29f-45ab-8470-a7e6c160089d	da2ad419-6daf-4ffe-9751-7dcd253217d9	3	\N	150306	其他冷藏饮料	0	t
e03b3346-c1b6-41a1-b5cf-fdb772decdfa	aeaea36d-0cdb-4cc4-85d2-f46920559b4c	3	\N	150402	冷藏豆腐花	0	t
910de04f-3da5-4d95-92b7-dcfb49d939e9	ab4a41cf-e8a1-47da-903e-92c8bd641c34	3	\N	150601	冷藏100%纯果汁	0	t
13ae8240-c46c-40c7-b851-9c1315f7f592	ab4a41cf-e8a1-47da-903e-92c8bd641c34	3	\N	150602	冷藏果味饮品	0	t
\.

COPY hq_products (id, sku_code, product_name, brand, spec, unit, series, shelf_life_days, length_cm, width_cm, height_cm, category_id, is_new_product, is_private_label, wholesale_price, suggested_retail_price, introduced_at, status, attributes, created_at, updated_at, deleted_at, barcode, is_returnable, allocation_unit) FROM stdin;
df0f597d-94d3-4c37-8a66-9c6e06ee578b	03034078	淳风派鸡蛋糕卷	淳风派	80g	袋	\N	90	10.20	9.00	10.00	fc1f7c70-98e9-4998-9239-e6bd83cfddd3	f	f	\N	\N	\N	active	{}	2026-06-08 09:49:23.992588+00	2026-06-15 08:26:32.199079+00	\N	\N	\N	\N
aaed5205-0b79-4812-826b-b473c1d59adf	06000053	彩田老面包	彩田	200g	包	\N	30	8.20	14.00	20.00	5e5c24e3-5424-4c01-a0d1-49dc25d721a5	f	f	\N	\N	\N	active	{}	2026-06-08 09:49:23.994527+00	2026-06-15 08:26:32.199079+00	\N	\N	\N	\N
4ce8c077-6df0-4f06-9b0e-eb5cb0ee43a3	06000286	多士达人熔岩面包(老酸奶味)	多士达人	60g	包	\N	90	5.00	12.40	12.80	cf415179-38e5-4c39-b68f-3b04f55366bf	f	f	\N	\N	\N	active	{}	2026-06-08 09:49:23.996135+00	2026-06-15 08:26:32.199079+00	\N	\N	\N	\N
99a0bbd9-67ea-4991-b234-028ddc4bce8c	06000303	多士达人虎皮卷原味蛋糕	多士达人	70g	袋	\N	90	2.50	12.00	17.00	fc1f7c70-98e9-4998-9239-e6bd83cfddd3	f	f	\N	\N	\N	active	{}	2026-06-08 09:49:23.996776+00	2026-06-15 08:26:32.199079+00	\N	\N	\N	\N
91ba7697-e08b-4ee2-8c83-47fa76f11a35	06000312	美宜佳唱片手撕面包	美宜佳	90g	包	\N	90	1.70	16.00	16.00	cf415179-38e5-4c39-b68f-3b04f55366bf	f	f	\N	\N	\N	active	{}	2026-06-08 09:49:23.997085+00	2026-06-15 08:26:32.199079+00	\N	\N	\N	\N
3f6ead78-acf5-489c-a073-6e5abb80c2ea	06000313	美宜佳芝士味沙拉三明治面包	美宜佳	85g	袋	\N	90	9.70	5.00	14.00	f71db0e1-2ba6-4b5f-9003-86feda386055	f	f	\N	\N	\N	active	{}	2026-06-08 09:49:23.997469+00	2026-06-15 08:26:32.199079+00	\N	\N	\N	\N
ad2abb4d-f9ab-4817-934e-b37d309c8969	06000537	彩田椰蓉紫米面包	彩田	105g	包	\N	30	5.00	20.00	11.00	61defb42-c1b6-44aa-9384-2db0c47e1f3a	f	f	\N	\N	\N	active	{}	2026-06-08 09:49:24.003714+00	2026-06-15 08:26:32.199079+00	\N	\N	\N	\N
47c3f9d6-d6bd-4d6e-a130-eeb235a94ca7	06000550	彩田乳酸菌味口袋面包	彩田	95g	包	\N	30	5.70	14.50	12.30	e44fda14-85aa-460c-9bfc-d76f334af9ac	f	f	\N	\N	\N	active	{}	2026-06-08 09:49:24.004046+00	2026-06-15 08:26:32.199079+00	\N	\N	\N	\N
3a62d27a-7662-4d55-bb62-192619819edf	06000796	彩田爆浆松松小贝面包	彩田	120g	包	\N	21	1.50	22.50	10.00	61defb42-c1b6-44aa-9384-2db0c47e1f3a	f	f	\N	\N	\N	active	{}	2026-06-08 09:49:24.009035+00	2026-06-15 08:26:32.199079+00	\N	\N	\N	\N
2f0b272c-098f-496d-90e1-0beae9a6fa59	06000835	欣欣黄油长崎蛋糕	欣欣	80g	包	\N	90	4.00	16.80	10.30	fc1f7c70-98e9-4998-9239-e6bd83cfddd3	f	f	\N	\N	\N	active	{}	2026-06-08 09:49:24.01092+00	2026-06-15 08:26:32.199079+00	\N	\N	\N	\N
2b718b5a-63e2-44de-a48c-93ec1e2e55f7	06000857	美宜佳核桃全麦软欧包面包	美宜佳	120g	包	\N	90	12.50	15.00	25.00	cf415179-38e5-4c39-b68f-3b04f55366bf	f	f	\N	\N	\N	active	{}	2026-06-08 09:49:24.011802+00	2026-06-15 08:26:32.199079+00	\N	\N	\N	\N
930f2e35-0cf1-455e-acde-5166de1ee71a	06000985	谷留鲜全麦肉松三明治	谷留鲜	85g	袋	\N	90	9.70	5.00	14.00	6d601d4a-66e4-4c4c-a502-61baa6ffa8b2	f	f	\N	\N	\N	active	{}	2026-06-08 09:49:24.012363+00	2026-06-15 08:26:32.199079+00	\N	\N	\N	\N
b39cb172-f202-4b1c-bc98-738089f73a4f	06001032	彩田松松面包	彩田	90g	包	\N	30	1.50	10.00	22.50	85942923-b99f-4066-b34a-336c4e3089d1	f	f	\N	\N	\N	active	{}	2026-06-08 09:49:24.013541+00	2026-06-15 08:26:32.199079+00	\N	\N	\N	\N
69d243b4-c549-4010-9c18-2d9948afdeae	06001043	泸溪河椒盐味桃酥	泸溪河	30g	包	\N	90	1.70	9.00	11.20	4f8c2ec3-a5dd-4a38-9988-073414785146	f	f	\N	\N	\N	active	{}	2026-06-08 09:49:24.014459+00	2026-06-15 08:26:32.199079+00	\N	\N	\N	\N
102f0164-ae6c-4429-ac52-1f0475878bd1	06001067	田源麦乡熔岩手撕面包(醇黑巧克力味)	田源麦乡	90g	袋	\N	90	2.00	13.00	12.00	cf415179-38e5-4c39-b68f-3b04f55366bf	f	f	\N	\N	\N	active	{}	2026-06-08 09:49:24.014745+00	2026-06-15 08:26:32.199079+00	\N	\N	\N	\N
6eca85dd-84b4-4acf-a99b-69ef8ecfa1f2	06001093	彩田牛奶吐司	彩田	85g	包	\N	30	4.20	16.00	14.00	72f4572c-4f0d-4574-bba1-cdc8be26ec26	f	f	\N	\N	\N	active	{}	2026-06-08 09:49:24.015317+00	2026-06-15 08:26:32.199079+00	\N	\N	\N	\N
115e939d-a87f-4f76-93bc-327c25f0f36a	06001099	彩田毛毛虫面包(奶黄味)	彩田	95g	包	\N	30	11.20	9.80	24.00	61defb42-c1b6-44aa-9384-2db0c47e1f3a	f	f	\N	\N	\N	active	{}	2026-06-08 09:49:24.015617+00	2026-06-15 08:26:32.199079+00	\N	\N	\N	\N
148e2f4c-fcda-40ce-a404-681a1e6bf520	06001104	谷留鲜香芋味松松三明治	谷留鲜	85g	袋	\N	90	8.00	6.00	14.00	f71db0e1-2ba6-4b5f-9003-86feda386055	f	f	\N	\N	\N	active	{}	2026-06-08 09:49:24.015911+00	2026-06-15 08:26:32.199079+00	\N	\N	\N	\N
bf58e2ef-fce9-439d-a6d0-09eb31ca9ecb	06001122	淳风派芋泥软吐司(香芋味)	淳风派	80g	袋	\N	90	1.50	14.50	10.60	581de149-dc60-436a-9ddd-b743343e5c7d	f	f	\N	\N	\N	active	{}	2026-06-08 09:49:24.016798+00	2026-06-15 08:26:32.199079+00	\N	\N	\N	\N
6139ac71-8183-461f-89a7-a0093ecb61e3	06001516	美宜佳全麦软欧包面包	美宜佳	200g	包	\N	90	12.50	20.80	25.00	5e5c24e3-5424-4c01-a0d1-49dc25d721a5	f	f	\N	\N	\N	active	{}	2026-06-08 09:49:24.02132+00	2026-06-15 08:26:32.199079+00	\N	\N	\N	\N
d934a3c1-e972-4da4-b90d-60bf66429873	03034090	淳风派香蕉面包	淳风派	65g	袋	\N	180	3.50	8.00	20.50	cf415179-38e5-4c39-b68f-3b04f55366bf	f	f	\N	\N	\N	active	{}	2026-06-08 09:49:23.992915+00	2026-06-15 08:26:32.199079+00	\N	\N	\N	\N
292a5399-1c87-40b7-9ba0-ff8aeaee2a67	03034091	淳风派玉米棒子面包	淳风派	65g	袋	\N	120	4.10	7.70	19.30	cf415179-38e5-4c39-b68f-3b04f55366bf	f	f	\N	\N	\N	active	{}	2026-06-08 09:49:23.993209+00	2026-06-15 08:26:32.199079+00	\N	\N	\N	\N
40de5fde-7e85-48ee-8033-5bb9d5bed80f	03034092	淳风派披萨蛋糕	淳风派	80g	包	\N	90	5.00	14.30	11.30	8b0e05ab-0e3a-46aa-b38e-7305ade48a92	f	f	\N	\N	\N	active	{}	2026-06-08 09:49:23.993535+00	2026-06-15 08:26:32.199079+00	\N	\N	\N	\N
24164077-7745-49cf-ab78-5732e3d9d13a	03034093	淳风派小奶糕蛋糕	淳风派	100g	袋	\N	90	5.80	8.90	15.50	fc1f7c70-98e9-4998-9239-e6bd83cfddd3	f	f	\N	\N	\N	active	{}	2026-06-08 09:49:23.993835+00	2026-06-15 08:26:32.199079+00	\N	\N	\N	\N
97daa51d-f764-4fa3-843f-6ac4d2a2aab4	03034097	淳风派榴莲岩烧面包	淳风派	75g	包	\N	120	5.00	19.30	9.60	cf415179-38e5-4c39-b68f-3b04f55366bf	f	f	\N	\N	\N	active	{}	2026-06-08 09:49:23.994185+00	2026-06-15 08:26:32.199079+00	\N	\N	\N	\N
a8cf4c51-1209-4251-a77d-3bc94afa1ccc	06000099	食滋源糯糯派(巧克力味)糕点(联名款)	食滋源	80g	盒	\N	180	5.00	11.70	9.30	d5375ebe-dbb4-4fd1-8b58-59f0b6cdcbae	f	f	\N	\N	\N	active	{}	2026-06-08 09:49:23.995767+00	2026-06-15 08:26:32.199079+00	\N	\N	\N	\N
3cd2c710-20e3-4cae-a70a-3ffd28548b30	06009075	回头客舒芙蕾铜锣烧	回头客	60g	包	\N	90	2.50	13.00	10.00	711a2784-3245-435e-9d3b-8d69b6c774ef	f	f	\N	\N	\N	active	{}	2026-06-08 09:49:24.021631+00	2026-06-15 08:26:32.199079+00	\N	\N	\N	\N
825fe563-68cc-4c24-912d-b328ce0c382b	10190265	芭米铜锣烧(奶油红豆味)	芭米	65g	包	\N	120	2.00	10.50	13.00	39631984-c85d-4a1b-870e-cdf860d7bcea	f	f	\N	\N	\N	active	{}	2026-06-08 09:49:23.981646+00	2026-06-15 08:26:32.199079+00	\N	\N	\N	\N
6acb3694-7dcc-4a58-82d1-635eb7e64081	15811085	君乐宝奶皮子酸奶酪	君乐宝	120g	杯	\N	25	8.90	8.90	7.00	bd6fa351-cdb7-4182-be29-694c675b45c0	t	f	6.58	8.90	2024-01-25	active	{}	2026-06-08 09:49:23.968636+00	2026-06-10 06:33:54.129238+00	\N	6922577790181	f	1
e6530089-2d5c-4f53-a130-29285493f07c	15810975	君乐宝悦鲜活0乳糖牛奶	君乐宝	450ml	瓶	\N	19	7.20	6.00	16.40	5ca4f594-1d01-4850-9866-b52442e78800	t	f	10.28	13.90	2024-01-25	active	{}	2026-06-08 09:49:24.031794+00	2026-06-10 06:33:54.129238+00	\N	6922577788805	f	1
2e5ea91f-9436-411a-8b04-e648cd5a6beb	15810693	君乐宝悦鲜活A2鲜牛奶	君乐宝	450ml	瓶	\N	19	7.30	6.60	16.50	5ca4f594-1d01-4850-9866-b52442e78800	f	f	13.24	17.90	2024-01-25	active	{}	2026-06-08 09:49:24.026868+00	2026-06-10 06:33:54.129238+00	\N	6922577738190	f	1
f6cda087-eadd-47f6-affd-a819559c246b	15811189	君乐宝悦鲜活Omega-3 鲜牛奶	悦鲜活	450ml	瓶	\N	15	7.30	6.60	16.50	5ca4f594-1d01-4850-9866-b52442e78800	f	f	12.50	16.90	2024-01-25	active	{}	2026-06-08 09:49:24.033603+00	2026-06-10 06:33:54.129238+00	\N	6922577794004	t	1
8616a0ee-00ea-4123-87cb-6588a553fac5	15802903	卡士餐后一小时风味发酵乳	卡士	250g	瓶	餐后一小时	25	5.50	5.50	12.00	bd6fa351-cdb7-4182-be29-694c675b45c0	f	f	11.50	15.80	2024-01-25	active	{}	2026-06-08 09:49:23.986747+00	2026-06-10 06:33:54.129238+00	\N	6924810810007	f	1
908bbea3-dbf4-41a3-8c97-4e9ce9744637	16939442	食滋源艾草风味糕团(蛋黄肉松味)	食滋源	200g	包	\N	90	3.40	17.50	13.80	d5375ebe-dbb4-4fd1-8b58-59f0b6cdcbae	f	f	\N	\N	\N	active	{}	2026-06-08 09:49:23.991264+00	2026-06-15 08:26:32.199079+00	\N	\N	\N	\N
5f5f3447-0c89-4f72-a6e9-81a144d8a953	16939443	食滋源艾草风味糕团(红豆蛋黄味)	食滋源	200g	包	\N	90	3.90	17.80	13.60	d5375ebe-dbb4-4fd1-8b58-59f0b6cdcbae	f	f	\N	\N	\N	active	{}	2026-06-08 09:49:23.991585+00	2026-06-15 08:26:32.199079+00	\N	\N	\N	\N
95c27274-25c9-4e6f-8b26-1b05db56fa86	07002793	晨光酸牛奶(冷藏奶)	晨光	236ML	盒	\N	15	7.00	7.00	8.50	bd6fa351-cdb7-4182-be29-694c675b45c0	t	f	3.80	5.00	2024-01-25	active	{}	2026-06-08 09:49:23.991907+00	2026-06-10 06:33:54.129238+00	\N	6924686500118	f	3
0b0fdac1-955d-4d38-9f0d-704ccca6be6d	15061641	晨光酸牛奶饮品	晨光	240g	瓶	\N	21	5.40	5.40	15.90	bd6fa351-cdb7-4182-be29-694c675b45c0	t	f	5.11	6.90	2024-01-25	active	{}	2026-06-08 09:49:24.025625+00	2026-06-10 06:33:54.129238+00	\N	6924686503300	f	1
cc8723db-dd8e-44f3-9095-3d5e597e07dd	15062584	晨光酸牛奶饮品(冷藏奶)	晨光	450ml	盒	\N	15	7.10	7.10	14.40	bd6fa351-cdb7-4182-be29-694c675b45c0	t	f	7.03	9.50	2024-01-25	active	{}	2026-06-08 09:49:23.966288+00	2026-06-10 06:33:54.129238+00	\N	6924686503935	f	1
6b102d13-1e57-4b37-a9ec-7b6410680c92	15063015	动康NFC100%芭乐混合果汁(冷藏型)	动康	325ml	瓶	\N	15	4.60	9.30	12.40	910de04f-3da5-4d95-92b7-dcfb49d939e9	t	f	6.51	8.80	2024-01-25	active	{}	2026-06-08 09:49:24.033981+00	2026-06-10 06:33:54.129238+00	\N	6928462110249	t	1
01082f51-f325-4251-87ed-076c73ca241e	15062513	动康NFC100%橙混合果汁(冷藏型)	动康	325ml	瓶	\N	180	4.60	9.30	12.40	910de04f-3da5-4d95-92b7-dcfb49d939e9	t	f	6.51	8.80	2024-01-25	active	{}	2026-06-08 09:49:24.032094+00	2026-06-10 06:33:54.129238+00	\N	6928462108512	f	1
9991ee51-201f-49a6-be9e-dc508f20fc44	15062515	动康NFC100%葡萄汁(冷藏型)	动康	325ml	瓶	\N	180	4.60	9.30	12.40	910de04f-3da5-4d95-92b7-dcfb49d939e9	t	f	6.51	8.80	2024-01-25	active	{}	2026-06-08 09:49:24.032685+00	2026-06-10 06:33:54.129238+00	\N	6928462108550	f	1
51e360a6-6c54-4cc3-a8e6-36eaf0817942	15063016	动康NFC100%石榴果汁(冷藏型)	动康	325ml	瓶	\N	15	4.60	9.30	12.40	910de04f-3da5-4d95-92b7-dcfb49d939e9	t	f	6.51	8.80	2024-01-25	active	{}	2026-06-08 09:49:24.034321+00	2026-06-10 06:33:54.129238+00	\N	6928462110089	t	1
fded75c8-e06d-4a00-9042-f01a8d567873	15062514	动康NFC100%杨梅混合果汁(冷藏型)	动康	325ml	瓶	\N	180	4.60	9.30	12.40	910de04f-3da5-4d95-92b7-dcfb49d939e9	t	f	6.51	8.80	2024-01-25	active	{}	2026-06-08 09:49:24.032386+00	2026-06-10 06:33:54.129238+00	\N	6928462108536	f	1
16c972f8-3269-48e7-bb1b-d8b028bd6365	15061276	光明LOOK噜渴酸奶(原味)	光明噜渴	200ml	盒	\N	25	7.20	7.30	9.00	bd6fa351-cdb7-4182-be29-694c675b45c0	t	f	4.81	6.50	2024-01-25	active	{}	2026-06-08 09:49:23.98803+00	2026-06-10 06:33:54.129238+00	\N	6901209255045	f	1
9989f7a1-d9b6-414b-8f66-673f0fbae114	15061275	光明LOOK噜渴酸奶（原味）	光明噜渴	458ml	盒	\N	25	7.60	7.60	14.40	bd6fa351-cdb7-4182-be29-694c675b45c0	t	f	9.22	12.80	2024-01-25	active	{}	2026-06-08 09:49:23.987697+00	2026-06-10 06:33:54.129238+00	\N	6901209255021	f	1
1ced8a76-501b-44d4-b840-1c0362605ee2	15011262	光明酸奶饮品	光明	236ml	盒	\N	25	7.20	7.40	9.10	bd6fa351-cdb7-4182-be29-694c675b45c0	t	f	3.65	5.00	2024-01-25	active	{}	2026-06-08 09:49:24.024614+00	2026-06-10 06:33:54.129238+00	\N	6901209261053	f	1
2ceb9712-95de-46db-9159-ba393ca35135	15062087	光明酸奶饮品	光明	458ml	盒	\N	25	7.50	7.70	14.30	bd6fa351-cdb7-4182-be29-694c675b45c0	t	f	7.23	9.90	2024-01-25	active	{}	2026-06-08 09:49:24.028032+00	2026-06-10 06:33:54.129238+00	\N	6901209269318	f	1
82f02b05-4bcf-494d-b147-bb95d9c330f6	07307034	果汁先生冷藏型橙汁饮料	果汁先生	430ml	瓶	\N	120	6.40	6.40	18.30	13ae8240-c46c-40c7-b851-9c1315f7f592	t	f	8.47	11.50	2024-01-25	active	{}	2026-06-08 09:49:23.954211+00	2026-06-10 06:33:54.129238+00	\N	6920180266208	f	1
d2384e85-ced6-4fa1-b05f-63cf79e2c120	07307041	果汁先生冷藏型葡萄汁饮料	果汁先生	430ml	瓶	\N	120	6.40	6.40	18.30	13ae8240-c46c-40c7-b851-9c1315f7f592	t	f	8.47	11.50	2024-01-25	active	{}	2026-06-08 09:49:23.971337+00	2026-06-10 06:33:54.129238+00	\N	6920180266659	f	1
403e5e68-005d-46b4-98b1-26510525ac20	15062229	果子熟了芭乐油柑复合果汁饮品	果子熟了	350ml	瓶	\N	120	5.20	6.90	15.40	13ae8240-c46c-40c7-b851-9c1315f7f592	t	f	5.69	7.80	2024-01-25	active	{}	2026-06-08 09:49:24.029228+00	2026-06-10 06:33:54.129238+00	\N	6973497202438	f	1
a44bbede-c89e-462c-8c80-93236365a993	15062441	果子熟了莲雾油柑复合果汁饮品	果子熟了	350ml	瓶	\N	120	5.20	6.90	15.40	13ae8240-c46c-40c7-b851-9c1315f7f592	t	f	5.69	7.80	2024-01-25	active	{}	2026-06-08 09:49:24.031312+00	2026-06-10 06:33:54.129238+00	\N	6973497203572	f	1
a7a713d9-ed0b-4b20-9170-6cfe44fca291	15062230	果子熟了柠檬油柑复合果汁饮品	果子熟了	350ml	瓶	\N	120	5.20	6.90	15.40	13ae8240-c46c-40c7-b851-9c1315f7f592	t	f	5.69	7.80	2024-01-25	active	{}	2026-06-08 09:49:24.029518+00	2026-06-10 06:33:54.129238+00	\N	6973497202421	f	1
8b082873-ef31-49ba-8d15-fc1c83bf1bcf	15062561	君乐宝X美宜佳鲜牛奶	君乐宝	430ml	盒	\N	15	7.10	7.10	14.10	5ca4f594-1d01-4850-9866-b52442e78800	t	f	4.60	5.90	2024-01-25	active	{}	2026-06-08 09:49:23.965959+00	2026-06-10 06:33:54.129238+00	\N	6922577789550	f	1
349a4d03-7e84-4e7b-9fc2-2ec59d2eb5a7	15062818	君乐宝X美宜佳原味酸奶	君乐宝	450g	瓶	\N	25	7.10	7.10	17.00	bd6fa351-cdb7-4182-be29-694c675b45c0	t	f	5.38	6.90	2024-01-25	active	{}	2026-06-08 09:49:23.97027+00	2026-06-10 06:33:54.129238+00	\N	6922577788119	f	1
14f02014-6226-4cdc-9b43-b8ec3758bf78	15062681	君乐宝简醇风味发酵乳(0添加蔗糖)	君乐宝	430g	瓶	\N	25	6.80	7.50	14.70	bd6fa351-cdb7-4182-be29-694c675b45c0	t	f	12.50	16.90	2024-01-25	active	{}	2026-06-08 09:49:23.968959+00	2026-06-10 06:33:54.129238+00	\N	6922577790273	f	1
f372a716-4d30-48fe-ac08-c3f9b3d72202	15061494	君乐宝简醇风味酸奶(0添加蔗糖)	君乐宝	180g	袋	\N	25	4.90	10.80	15.50	bd6fa351-cdb7-4182-be29-694c675b45c0	t	f	4.50	6.00	2024-01-25	active	{}	2026-06-08 09:49:24.025018+00	2026-06-10 06:33:54.129238+00	\N	6922577732549	f	1
02a4ec96-4401-4383-b31a-14fd7e3c8b09	15061847	君乐宝悦鲜活A2鲜牛奶	君乐宝	260ml	瓶	\N	19	5.70	5.00	15.00	5ca4f594-1d01-4850-9866-b52442e78800	f	f	10.12	13.50	2024-01-25	active	{}	2026-06-08 09:49:24.026575+00	2026-06-10 06:33:54.129238+00	\N	6922577738640	f	1
ef00094f-27cc-4353-8b5f-f047bfedfdfa	15061421	君乐宝悦鲜活牛奶	君乐宝	450ml	瓶	\N	19	7.30	6.20	16.60	5ca4f594-1d01-4850-9866-b52442e78800	f	f	7.42	9.90	2024-01-25	active	{}	2026-06-08 09:49:24.022742+00	2026-06-10 06:33:54.129238+00	\N	6922577766124	f	1
d49ec0a4-fffe-44f1-927c-1a466e6d1233	15062265	卡士007益生菌酸奶(原味)	卡士	440g	瓶	\N	25	7.00	6.70	14.80	bd6fa351-cdb7-4182-be29-694c675b45c0	f	f	13.17	17.80	2024-01-25	active	{}	2026-06-08 09:49:24.030116+00	2026-06-10 06:33:54.129238+00	\N	6924810801807	f	1
9f23f2e9-f2b1-4830-9da1-08a810a4e368	15062180	卡士餐后一小时无蔗糖原味	卡士	250g	瓶	餐后一小时	25	5.50	5.50	15.10	bd6fa351-cdb7-4182-be29-694c675b45c0	f	f	11.50	15.80	2024-01-25	active	{}	2026-06-08 09:49:24.028645+00	2026-06-10 06:33:54.129238+00	\N	6924810801494	f	1
3a78b9f8-648b-4e7b-b8be-81d201df7030	15801616	卡士调味酸牛乳(草莓味)	卡士	120g	杯	\N	25	7.50	7.50	8.00	bd6fa351-cdb7-4182-be29-694c675b45c0	f	f	3.25	4.50	2024-01-25	active	{}	2026-06-08 09:49:23.98339+00	2026-06-10 06:33:54.129238+00	\N	6924810801418	f	3
8198db60-a8fb-4a03-a3fb-2b34c4a99ce5	15801623	卡士调味酸牛乳(原味)	卡士	120g	杯	\N	25	7.50	7.50	8.00	bd6fa351-cdb7-4182-be29-694c675b45c0	f	f	3.28	4.50	2024-01-25	active	{}	2026-06-08 09:49:23.983707+00	2026-06-10 06:33:54.129238+00	\N	6924810801319	f	3
603e8e83-93a4-48e6-868a-463041258c1b	03918654	卡士活菌奶	卡士	200ml	盒	\N	21	6.90	6.90	8.60	bd6fa351-cdb7-4182-be29-694c675b45c0	f	f	6.37	8.50	2024-01-25	active	{}	2026-06-08 09:49:23.977978+00	2026-06-10 06:33:54.129238+00	\N	6924810800015	f	3
6227ce98-5960-4c94-b858-89fa0e943497	03918661	卡士活菌奶风味发酵乳	卡士	720ml	盒	\N	21	8.00	8.00	19.10	bd6fa351-cdb7-4182-be29-694c675b45c0	f	f	17.10	21.90	2005-10-25	active	{}	2026-06-08 09:49:23.983108+00	2026-06-10 06:33:54.129238+00	\N	6924810800619	f	1
ef6a4184-317e-4c55-81ed-7d39a152d838	15061206	卡士活菌奶风味发酵乳	卡士	428ml	盒	\N	21	7.00	7.00	14.00	bd6fa351-cdb7-4182-be29-694c675b45c0	f	f	11.60	15.50	2024-01-25	active	{}	2026-06-08 09:49:23.976988+00	2026-06-10 06:33:54.129238+00	\N	6924810800107	f	1
af3d29a0-f52a-4caa-b66b-8820c4fafa2b	15029808	蒙牛大果粒青提芦荟风味发酵乳	蒙牛	250g	瓶	\N	28	5.90	5.90	12.50	adb89b69-74e6-4f15-b3de-792600e73e1b	f	f	6.82	9.50	2024-01-25	active	{}	2026-06-08 09:49:23.967248+00	2026-06-10 06:33:54.129238+00	\N	6934665099991	f	1
7c17e3bb-84d2-46d3-8149-71b041cbe7ce	15062188	蒙牛嚼拌食光风味酸牛奶+草莓谷物脆	蒙牛	180g+30g	杯	\N	100	9.80	9.80	11.90	adb89b69-74e6-4f15-b3de-792600e73e1b	f	f	7.42	9.90	2024-01-25	active	{}	2026-06-08 09:49:24.028935+00	2026-06-10 06:33:54.129238+00	\N	6934665096808	f	1
41f4c369-a3e1-4151-a33e-8b63a0051214	15061188	蒙牛每日鲜语鲜牛奶	蒙牛	250ml	瓶	\N	15	5.80	5.80	15.00	5ca4f594-1d01-4850-9866-b52442e78800	f	f	6.67	8.90	2024-01-25	active	{}	2026-06-08 09:49:23.987385+00	2026-06-10 06:33:54.129238+00	\N	6923644286019	f	1
c93539a1-6bd7-4238-9de9-a1b853e37cca	15062746	蒙牛小鲜语全脂鲜牛奶	蒙牛鲜奶	450ml	瓶	\N	15	7.00	7.00	16.40	5ca4f594-1d01-4850-9866-b52442e78800	f	f	7.32	9.90	2024-01-25	active	{}	2026-06-08 09:49:23.969901+00	2026-06-10 06:33:54.129238+00	\N	6923644203726	f	1
9be00ca5-96b5-41e1-a6fa-17c00622992c	15061438	蒙牛优益C活菌型乳酸菌乳饮品(桃桃乌龙茶味)	优益C	330ml	瓶	\N	25	6.60	6.60	16.00	319b202c-31b0-4414-881f-a1899eda5e97	f	f	4.80	6.50	2024-01-25	active	{}	2026-06-08 09:49:24.023606+00	2026-06-10 06:33:54.129238+00	\N	6934665092053	f	1
1f79a2ca-838e-47b0-b26b-47b8af66fa7c	15040367	蒙牛优益C活菌型乳酸菌乳饮品(原味)	蒙牛	340ml	瓶	\N	30	6.50	6.50	15.50	319b202c-31b0-4414-881f-a1899eda5e97	f	f	4.80	6.50	2024-01-25	active	{}	2026-06-08 09:49:23.984022+00	2026-06-10 06:33:54.129238+00	\N	6934665087653	f	4
d21990ba-d8a9-44ba-884c-0ea8195552d7	15061819	蒙牛优益C活菌型乳酸菌饮品(0蔗糖原味)	优益C	330g	瓶	\N	30	6.50	6.50	15.70	319b202c-31b0-4414-881f-a1899eda5e97	f	f	4.80	6.50	2024-01-25	active	{}	2026-06-08 09:49:24.026259+00	2026-06-10 06:33:54.129238+00	\N	6934665095108	f	1
75bd86df-b14b-4a4e-804e-1f56492ef671	06000377	彩田椰蓉奶酥包	彩田	105g	包	\N	30	7.30	15.00	13.00	61defb42-c1b6-44aa-9384-2db0c47e1f3a	f	f	\N	\N	\N	active	{}	2026-06-08 09:49:23.999234+00	2026-06-15 08:26:32.199079+00	\N	\N	\N	\N
e6f77d75-5288-46f3-8034-0694f0d87b85	15020599	蒙牛优益C活菌型乳酸菌饮品(百香果味)	蒙牛	330ml	瓶	\N	30	6.50	6.50	15.70	319b202c-31b0-4414-881f-a1899eda5e97	f	f	4.80	6.50	2024-01-25	active	{}	2026-06-08 09:49:23.977356+00	2026-06-10 06:33:54.129238+00	\N	6934665092954	f	3
4ff3d2ea-c845-4b76-b34b-28d503181914	80643401	蒙牛优益C活菌型乳酸菌饮品(原味)	蒙牛	100ml*5	排	\N	30	4.50	22.10	9.20	319b202c-31b0-4414-881f-a1899eda5e97	f	f	8.15	11.00	2024-01-25	active	{}	2026-06-08 09:49:23.984506+00	2026-06-10 06:33:54.129238+00	\N	6934665082313	f	1
2bb00d2d-3fb1-4bc4-ac75-7c00e496d48c	15062045	蒙牛优益C活性益生菌乳饮品(樱花芭乐味)	优益C	330g	瓶	\N	30	6.50	6.50	15.80	319b202c-31b0-4414-881f-a1899eda5e97	f	f	4.80	6.50	2024-01-25	active	{}	2026-06-08 09:49:24.027401+00	2026-06-10 06:33:54.129238+00	\N	6934665095962	f	1
f556f3a7-5372-4a89-a27a-549e83f2c2da	15810372	农夫山泉100%NFC橙汁(冷藏型)	农夫山泉	300ml	瓶	\N	45	5.30	5.30	18.80	910de04f-3da5-4d95-92b7-dcfb49d939e9	f	f	7.42	10.50	2024-01-25	active	{}	2026-06-08 09:49:23.988756+00	2026-06-10 06:33:54.129238+00	\N	6921168594474	f	1
516b4333-ceea-404b-8a67-722219250b74	15061319	农夫山泉100%NFC芒果汁(冷藏型)	农夫山泉	300ml	瓶	\N	45	5.40	5.40	18.80	910de04f-3da5-4d95-92b7-dcfb49d939e9	f	f	7.42	10.50	2024-01-25	active	{}	2026-06-08 09:49:24.022265+00	2026-06-10 06:33:54.129238+00	\N	6921168594498	f	1
df293b9c-5a03-46bf-947d-06f2bed88212	15810371	农夫山泉100%NFC苹果汁(冷藏型)	农夫山泉	300ml	瓶	\N	45	5.30	5.30	18.80	910de04f-3da5-4d95-92b7-dcfb49d939e9	f	f	7.42	10.50	2024-01-25	active	{}	2026-06-08 09:49:23.98837+00	2026-06-10 06:33:54.129238+00	\N	6921168594481	f	1
1c70a5bb-21a0-45ab-9791-8eb730c40637	23061399	统一元气觉醒100%橙汁	统一	300ml	瓶	\N	180	5.50	5.50	17.60	910de04f-3da5-4d95-92b7-dcfb49d939e9	f	f	6.20	8.50	2024-01-25	active	{}	2026-06-08 09:49:24.023028+00	2026-06-10 06:33:54.129238+00	\N	6925303758066	f	1
4c9f118b-480b-48e1-a95d-8e04de07502b	15062101	统一元气觉醒100%胡萝卜复合果蔬汁	元气觉醒	300ml	瓶	\N	180	5.60	5.60	17.60	910de04f-3da5-4d95-92b7-dcfb49d939e9	f	f	6.20	8.50	2024-01-25	active	{}	2026-06-08 09:49:24.028336+00	2026-06-10 06:33:54.129238+00	\N	6925303701987	f	1
1d15c5c7-2e47-4e99-9f2a-a55bc473e53f	15040406	统一元气觉醒100%葡萄汁	统一	300ml	瓶	\N	180	5.50	5.50	17.60	910de04f-3da5-4d95-92b7-dcfb49d939e9	f	f	6.20	8.50	2024-01-25	active	{}	2026-06-08 09:49:24.02594+00	2026-06-10 06:33:54.129238+00	\N	6925303759452	f	1
58db432a-7df5-46f3-b91c-987cf9f507ad	15040992	味全每日C橙汁	每日C	300ml	瓶	\N	21	4.00	6.00	16.00	910de04f-3da5-4d95-92b7-dcfb49d939e9	f	f	6.44	8.60	2024-01-25	active	{}	2026-06-08 09:49:23.985113+00	2026-06-10 06:33:54.129238+00	\N	6932571040007	f	1
a8c7c45a-195f-4d96-8c3e-56603c4279bf	15040978	味全每日C葡萄汁	每日C	300ml	瓶	\N	21	4.00	6.00	16.00	910de04f-3da5-4d95-92b7-dcfb49d939e9	f	f	6.44	8.60	2024-01-25	active	{}	2026-06-08 09:49:23.984806+00	2026-06-10 06:33:54.129238+00	\N	6932571040168	f	1
7328827a-e812-4426-b59a-dfb0f9645199	15062282	味全每日C桑葚莓桃复合果汁	味全	300ml	瓶	\N	21	4.30	5.90	16.20	910de04f-3da5-4d95-92b7-dcfb49d939e9	f	f	6.44	8.60	2024-01-25	active	{}	2026-06-08 09:49:24.030433+00	2026-06-10 06:33:54.129238+00	\N	6932571041967	f	1
a05e87e5-2dbf-48ee-93ee-c460a9cb4ac2	15062908	味全蜜桃黑乌龙果味茶饮料	味全	450ml	瓶	\N	120	4.90	6.90	18.70	4b2de1b3-bb9d-46bd-a6a5-e2c4300d10f9	f	f	5.55	7.50	2024-01-25	active	{}	2026-06-08 09:49:24.033+00	2026-06-10 06:33:54.129238+00	\N	6932571062566	f	1
288016ec-3141-4f01-80a0-2ac2abe2a283	15062909	味全西柚茉莉花茶果味茶饮料	味全	450ml	瓶	\N	120	4.90	6.90	18.70	4b2de1b3-bb9d-46bd-a6a5-e2c4300d10f9	f	f	5.55	7.50	2024-01-25	active	{}	2026-06-08 09:49:24.033314+00	2026-06-10 06:33:54.129238+00	\N	6932571062573	f	1
610cdcbc-6f44-4a4f-9480-de23eb5ce10c	15062651	伊利畅轻风味发酵乳(原味)	伊利	400g	瓶	畅轻	28	8.00	8.00	16.00	bd6fa351-cdb7-4182-be29-694c675b45c0	f	f	11.02	14.90	2024-01-25	active	{}	2026-06-08 09:49:23.967903+00	2026-06-10 06:33:54.129238+00	\N	6907992108155	f	1
3fdb5a55-9148-4911-a32d-bbb7eea622b5	15062253	伊利畅轻蓝莓紫米爆珠益生菌风味发酵乳	伊利	250g	瓶	畅轻	24	6.00	6.20	12.70	adb89b69-74e6-4f15-b3de-792600e73e1b	f	f	7.35	9.50	2024-01-25	active	{}	2026-06-08 09:49:24.029808+00	2026-06-10 06:33:54.129238+00	\N	6907992106908	f	1
6e654c7e-de20-4ff8-a2f7-b552ea0f90f5	15061500	伊利畅轻青提芦荟燕麦爆珠风味发酵乳	伊利	250g	瓶	畅轻	24	6.00	6.00	12.50	adb89b69-74e6-4f15-b3de-792600e73e1b	f	f	7.35	9.50	2024-01-25	active	{}	2026-06-08 09:49:24.025322+00	2026-06-10 06:33:54.129238+00	\N	6907992105574	f	1
30101bde-8b4a-4439-a36a-08f9b1535e28	15041289	伊利畅轻燕麦+草莓益生菌风味发酵乳	伊利	250g	瓶	畅轻	24	5.50	5.50	12.00	adb89b69-74e6-4f15-b3de-792600e73e1b	f	f	7.35	9.50	2024-01-25	active	{}	2026-06-08 09:49:23.985762+00	2026-06-10 06:33:54.129238+00	\N	6907992102764	f	1
26cb9dcb-27c1-47d6-b878-78ff718b83b7	15020086	伊利畅轻燕麦+黄桃风味发酵酸奶	伊利	250g	瓶	畅轻	24	5.50	5.50	12.00	adb89b69-74e6-4f15-b3de-792600e73e1b	f	f	7.35	9.50	2024-01-25	active	{}	2026-06-08 09:49:23.986093+00	2026-06-10 06:33:54.129238+00	\N	6907992103211	f	1
6c5c554d-86fa-4d4a-988b-9eda4282f2a4	15041203	伊利红枣风味酸乳	伊利	450g	瓶	\N	25	6.50	6.50	18.50	bd6fa351-cdb7-4182-be29-694c675b45c0	f	f	7.12	9.50	2024-01-25	active	{}	2026-06-08 09:49:23.985427+00	2026-06-10 06:33:54.129238+00	\N	6907992103594	f	1
96916520-bf17-4e10-a835-0744a458771f	15062669	伊利呼伦贝尔奶皮子酸奶	伊利	138g	杯	\N	25	7.50	7.50	6.00	bd6fa351-cdb7-4182-be29-694c675b45c0	f	f	5.14	6.90	2024-01-25	active	{}	2026-06-08 09:49:23.968305+00	2026-06-10 06:33:54.129238+00	\N	6907992108407	f	1
cef81128-8e72-4ec6-b770-513668b8346d	15810735	伊利金典鲜牛奶	伊利	450ml	瓶	\N	15	7.00	7.00	16.40	5ca4f594-1d01-4850-9866-b52442e78800	f	f	10.42	13.90	2024-01-25	active	{}	2026-06-08 09:49:24.027742+00	2026-06-10 06:33:54.129238+00	\N	6907992106601	f	1
18ceaf65-128d-492e-ba0c-1b7fcf4ff462	15061432	伊利老酸奶风味发酵乳(原味)	伊利	138g	杯	\N	21	9.60	9.60	6.80	d4ba9240-eee5-462d-9fd3-6cd3c960c6dd	f	f	3.70	5.00	2024-01-25	active	{}	2026-06-08 09:49:24.02332+00	2026-06-10 06:33:54.129238+00	\N	6907992105185	f	1
c482792b-d8d0-410d-a04f-a664461a7aaf	15020611	伊利每益添活性乳酸菌饮料(原味)	每益添	350ml	瓶	\N	30	6.50	6.50	17.00	319b202c-31b0-4414-881f-a1899eda5e97	f	f	4.70	6.50	2024-01-25	active	{}	2026-06-08 09:49:23.986418+00	2026-06-10 06:33:54.129238+00	\N	6907992103471	f	4
c9c9c61c-e535-4cc8-b968-ce3d73aa6d41	15061445	伊利每益添活性乳酸菌饮品清爽型(原味)	伊利	330ml	瓶	\N	25	6.50	6.50	17.00	319b202c-31b0-4414-881f-a1899eda5e97	f	f	5.47	7.50	2024-01-25	active	{}	2026-06-08 09:49:24.023889+00	2026-06-10 06:33:54.129238+00	\N	6907992105468	f	1
e791dc78-f792-4779-82e6-61f2e6a400a3	06001111	欣欣A2β-酪蛋白牛乳蛋糕	欣欣	80g	包	\N	90	10.00	12.00	12.00	fc1f7c70-98e9-4998-9239-e6bd83cfddd3	f	f	\N	\N	\N	active	{}	2026-06-08 09:49:24.016197+00	2026-06-15 08:26:32.199079+00	\N	\N	\N	\N
266d3cad-2535-4632-8a88-b1d737bd7cbb	06001115	彩田浓情可可夹心面包	彩田	85g	包	\N	30	6.20	20.90	9.50	61defb42-c1b6-44aa-9384-2db0c47e1f3a	f	f	\N	\N	\N	active	{}	2026-06-08 09:49:24.016498+00	2026-06-15 08:26:32.199079+00	\N	\N	\N	\N
d8794a95-d06c-43cd-8004-ee99d184460a	06001134	彩田好事花生面包卷	彩田	85g	包	\N	15	6.90	19.60	12.00	61defb42-c1b6-44aa-9384-2db0c47e1f3a	f	f	\N	\N	\N	active	{}	2026-06-08 09:49:24.017139+00	2026-06-15 08:26:32.199079+00	\N	\N	\N	\N
3d7464e8-ef21-4b94-bc04-cc7357f590f8	06001136	田源麦乡有机燕麦奶蛋糕	田源麦乡	90g	袋	\N	90	9.80	12.00	16.70	fc1f7c70-98e9-4998-9239-e6bd83cfddd3	f	f	\N	\N	\N	active	{}	2026-06-08 09:49:23.989995+00	2026-06-15 08:26:32.199079+00	\N	\N	\N	\N
35107002-4851-4ada-bd54-df3864cdad4a	06000296	都遇黄油布里欧面包	都遇	80g	包	\N	90	4.10	19.30	7.90	cf415179-38e5-4c39-b68f-3b04f55366bf	f	f	\N	\N	\N	active	{}	2026-06-08 09:49:23.996474+00	2026-06-15 08:26:32.199079+00	\N	\N	\N	\N
84b6a0f4-293b-4dd7-8fc8-c81a8dd209ac	06000315	欣欣双重芝士贝果面包	欣欣	80g	包	\N	90	4.30	15.60	12.20	cf415179-38e5-4c39-b68f-3b04f55366bf	f	f	\N	\N	\N	active	{}	2026-06-08 09:49:23.99786+00	2026-06-15 08:26:32.199079+00	\N	\N	\N	\N
34787563-f6d3-448f-a6cb-e1d59365d455	06000352	佐滋猴头菇蛋糕	佐滋	65g	包	\N	90	4.50	15.30	11.00	fc1f7c70-98e9-4998-9239-e6bd83cfddd3	f	f	\N	\N	\N	active	{}	2026-06-08 09:49:23.998182+00	2026-06-15 08:26:32.199079+00	\N	\N	\N	\N
621a2b05-7fa4-4e3c-ba2b-81824ec3c0ce	06000360	谷留鲜丹麦千层面包(菠萝味)	谷留鲜	90g	个	\N	90	6.20	17.70	10.30	cf415179-38e5-4c39-b68f-3b04f55366bf	f	f	\N	\N	\N	active	{}	2026-06-08 09:49:23.998559+00	2026-06-15 08:26:32.199079+00	\N	\N	\N	\N
dfb4ca1b-e4d8-4990-8694-0b35461dd0ae	06000365	奕香虎皮蛋糕卷(牛奶风味)	奕香	80g	包	\N	120	3.30	12.00	11.00	39631984-c85d-4a1b-870e-cdf860d7bcea	f	f	\N	\N	\N	active	{}	2026-06-08 09:49:23.998892+00	2026-06-15 08:26:32.199079+00	\N	\N	\N	\N
af556d0a-0146-4df4-9736-dab10bbb8276	06000491	彩田碳烤牛肉风味吐司	彩田	100g	包	\N	30	3.50	13.00	16.00	581de149-dc60-436a-9ddd-b743343e5c7d	f	f	\N	\N	\N	active	{}	2026-06-08 09:49:23.999564+00	2026-06-15 08:26:32.199079+00	\N	\N	\N	\N
5d4f7916-35cc-40dd-b428-5df44311b924	06000512	佐滋早餐鸡蛋糕	佐滋	75g	包	\N	90	4.00	16.50	14.00	fc1f7c70-98e9-4998-9239-e6bd83cfddd3	f	f	\N	\N	\N	active	{}	2026-06-08 09:49:23.999884+00	2026-06-15 08:26:32.199079+00	\N	\N	\N	\N
431f00e6-1d48-4c3f-8a70-0cb5ad78c5c6	06000515	彩田咸蛋黄雪芙面包	彩田	85g	包	\N	30	5.00	21.90	10.30	61defb42-c1b6-44aa-9384-2db0c47e1f3a	f	f	\N	\N	2025-12-18	active	{}	2026-06-08 09:49:24.000258+00	2026-06-15 08:26:32.199079+00	\N	\N	\N	\N
b80dfc02-e35d-4efd-b2af-9420344f9925	06000536	彩田焗烤芝士面包	彩田	85g	包	\N	30	7.70	21.30	12.00	c9b3551c-16ae-4d49-bac7-f5d367adfecd	f	f	\N	\N	2025-04-15	active	{}	2026-06-08 09:49:24.00065+00	2026-06-15 08:26:32.199079+00	\N	\N	\N	\N
7b4ed169-7e8b-4bde-bf58-0f3a5f0a425b	06000557	U吧U吧肉松沙拉三明治	U吧U吧	65g	包	\N	90	8.90	4.90	15.40	6d601d4a-66e4-4c4c-a502-61baa6ffa8b2	f	f	\N	\N	\N	active	{}	2026-06-08 09:49:24.004344+00	2026-06-15 08:26:32.199079+00	\N	\N	\N	\N
a5d71638-8246-41e4-a364-7c3625e3eae7	06000705	美宜佳全麦肉松三明治面包	美宜佳	85g	袋	\N	90	9.70	5.00	14.00	6d601d4a-66e4-4c4c-a502-61baa6ffa8b2	f	f	\N	\N	\N	active	{}	2026-06-08 09:49:24.00471+00	2026-06-15 08:26:32.199079+00	\N	\N	\N	\N
9ddc84c3-c4fe-4227-805d-aa48577d41df	06000730	彩田粒粒红豆面包	彩田	150g	袋	\N	15	9.50	12.70	20.70	61defb42-c1b6-44aa-9384-2db0c47e1f3a	f	f	\N	\N	\N	active	{}	2026-06-08 09:49:24.007135+00	2026-06-15 08:26:32.199079+00	\N	\N	\N	\N
95f8f6b4-4eb7-403e-b463-faa0b3532747	06000753	彩田海苔沙拉松松包	彩田	100g	包	\N	21	1.50	12.00	22.50	c9b3551c-16ae-4d49-bac7-f5d367adfecd	f	f	\N	\N	\N	active	{}	2026-06-08 09:49:24.008684+00	2026-06-15 08:26:32.199079+00	\N	\N	\N	\N
dd5e2287-22f0-4018-884f-b43c24a602e2	06000814	佐滋披萨蛋糕	佐滋	80g	袋	\N	90	3.30	13.00	12.00	8b0e05ab-0e3a-46aa-b38e-7305ade48a92	f	f	\N	\N	\N	active	{}	2026-06-08 09:49:24.009389+00	2026-06-15 08:26:32.199079+00	\N	\N	\N	\N
409becba-ef49-40e2-8c64-e596be82e6fc	06000845	谷留鲜坚果吐司(面包)	谷留鲜	58g	袋	\N	90	2.40	14.80	11.80	581de149-dc60-436a-9ddd-b743343e5c7d	f	f	\N	\N	\N	active	{}	2026-06-08 09:49:24.011231+00	2026-06-15 08:26:32.199079+00	\N	\N	\N	\N
b3bf1908-46bf-4045-87b1-299bbe8923ec	06000846	美万福黑松露火腿味肉松饼	美万福	63g	包	\N	90	2.60	7.80	14.50	d5375ebe-dbb4-4fd1-8b58-59f0b6cdcbae	f	f	\N	\N	\N	active	{}	2026-06-08 09:49:24.011518+00	2026-06-15 08:26:32.199079+00	\N	\N	\N	\N
5bef160a-70e9-4a76-abee-a192455d88dc	06000964	欣欣肉松戚风蛋糕	欣欣	45g	包	\N	90	4.80	12.60	10.60	0f966e46-7c55-4963-a215-34b7ce36c45f	f	f	\N	\N	\N	active	{}	2026-06-08 09:49:24.01208+00	2026-06-15 08:26:32.199079+00	\N	\N	\N	\N
3f2a878a-a145-4bb2-92d6-68a2201b40fa	06000997	彩田开心果味奶酥面包	彩田	100g	包	\N	30	7.80	16.10	15.10	61defb42-c1b6-44aa-9384-2db0c47e1f3a	f	f	\N	\N	\N	active	{}	2026-06-08 09:49:24.012645+00	2026-06-15 08:26:32.199079+00	\N	\N	\N	\N
17f6cf51-6cf1-408b-af73-9585eed4c4e3	06001017	豪士早餐吐司面包	豪士	86g	包	\N	90	3.20	17.00	12.00	581de149-dc60-436a-9ddd-b743343e5c7d	f	f	\N	\N	\N	active	{}	2026-06-08 09:49:24.013251+00	2026-06-15 08:26:32.199079+00	\N	\N	\N	\N
14bb412c-e38b-4f31-827b-1ee2f174c539	06001038	彩田大个儿菠萝包	彩田	110g	包	\N	30	6.20	15.00	13.00	61defb42-c1b6-44aa-9384-2db0c47e1f3a	f	f	\N	\N	\N	active	{}	2026-06-08 09:49:24.013855+00	2026-06-15 08:26:32.199079+00	\N	\N	\N	\N
a5934539-5f30-4b6e-a966-3268dcc60e76	06001041	食滋源蛋仔派对水蜜桃大福糕点	食滋源	120g	袋	\N	180	2.40	19.00	11.00	0e02ad58-4a05-44f9-b921-89a5f3e4b382	f	f	\N	\N	\N	active	{}	2026-06-08 09:49:24.01416+00	2026-06-15 08:26:32.199079+00	\N	\N	\N	\N
8fa0bff6-28f8-4b19-a55c-6e47f2f64b3a	06001083	芭米喝果汁的手指面包	芭米	75g	袋	\N	90	4.80	11.00	17.70	cf415179-38e5-4c39-b68f-3b04f55366bf	f	f	\N	\N	\N	active	{}	2026-06-08 09:49:24.015034+00	2026-06-15 08:26:32.199079+00	\N	\N	\N	\N
fe125eca-44a4-48c0-9042-88852ced10e1	06001140	彩田榴莲味立方吐司	彩田	85g	包	\N	30	3.00	17.60	14.20	e44fda14-85aa-460c-9bfc-d76f334af9ac	f	f	\N	\N	\N	active	{}	2026-06-08 09:49:24.017445+00	2026-06-15 08:26:32.199079+00	\N	\N	\N	\N
8c845e56-68c8-4b09-85ba-6c7c46748785	06001357	田源麦乡水牛奶蛋糕	田源麦乡	85g	包	\N	90	4.40	18.00	10.00	fc1f7c70-98e9-4998-9239-e6bd83cfddd3	f	f	\N	\N	\N	active	{}	2026-06-08 09:49:24.017903+00	2026-06-15 08:26:32.199079+00	\N	\N	\N	\N
cb38a53c-cce3-49ca-90ce-71b336461161	06001404	美宜佳高钙水牛乳凹蛋糕	美宜佳	180g	包	\N	90	8.10	13.30	25.00	fc1f7c70-98e9-4998-9239-e6bd83cfddd3	f	f	\N	\N	\N	active	{}	2026-06-08 09:49:24.018193+00	2026-06-15 08:26:32.199079+00	\N	\N	\N	\N
95f56c98-2e72-4a80-ab60-b4c7cf3d891b	06001405	田源麦乡葡萄肉桂卷面包	彩田	85g	包	\N	120	4.20	15.00	17.20	cf415179-38e5-4c39-b68f-3b04f55366bf	f	f	\N	\N	\N	active	{}	2026-06-08 09:49:24.018484+00	2026-06-15 08:26:32.199079+00	\N	\N	\N	\N
c576683a-ecdf-4d52-a0ed-9e7b31fa5b0f	06001406	芭米转圈圈的贝果(蔓越莓味)	芭米	80g	袋	\N	90	4.00	13.90	16.90	cf415179-38e5-4c39-b68f-3b04f55366bf	f	f	\N	\N	\N	active	{}	2026-06-08 09:49:24.018776+00	2026-06-15 08:26:32.199079+00	\N	\N	\N	\N
12541b20-d83b-4692-889f-f72d3e6a8be9	06001441	多士达人熔岩面包(巧克力味)	多士达人	60g	包	\N	90	5.40	12.40	12.80	cf415179-38e5-4c39-b68f-3b04f55366bf	f	f	\N	\N	\N	active	{}	2026-06-08 09:49:24.019085+00	2026-06-15 08:26:32.199079+00	\N	\N	\N	\N
d05cf83c-63e2-41b6-85ec-7ff2757ac192	06001444	回头客黑巧铜锣烧	回头客	90g	盒	\N	180	4.40	22.30	16.00	711a2784-3245-435e-9d3b-8d69b6c774ef	f	f	\N	\N	\N	active	{}	2026-06-08 09:49:24.019408+00	2026-06-15 08:26:32.199079+00	\N	\N	\N	\N
386ce083-6966-42d9-b4db-3f698170f5d0	06001458	美万福黄油糯香饼	美万福	40g	包	\N	120	2.50	11.70	6.90	d5375ebe-dbb4-4fd1-8b58-59f0b6cdcbae	f	f	\N	\N	\N	active	{}	2026-06-08 09:49:24.019743+00	2026-06-15 08:26:32.199079+00	\N	\N	\N	\N
48b8a691-d857-48ad-b5c3-a4711408f674	06001460	彩田黄油焦糖吐司	彩田	65g	包	\N	30	5.70	18.40	132.00	e44fda14-85aa-460c-9bfc-d76f334af9ac	f	f	\N	\N	\N	active	{}	2026-06-08 09:49:24.020098+00	2026-06-15 08:26:32.199079+00	\N	\N	\N	\N
afa7fe61-af05-4c41-96ec-ffc0d5941f0d	06001475	田源麦乡原味瑞士卷(蛋糕)	田源麦乡	90g	袋	\N	90	6.70	12.60	17.90	fc1f7c70-98e9-4998-9239-e6bd83cfddd3	f	f	\N	\N	\N	active	{}	2026-06-08 09:49:24.0204+00	2026-06-15 08:26:32.199079+00	\N	\N	\N	\N
dbdd29d3-9b58-43b2-b458-ea94accf4815	06001498	美宜佳芡实薏米红豆欧包面包	美宜佳	160g	包	\N	90	12.50	15.00	25.00	cf415179-38e5-4c39-b68f-3b04f55366bf	f	f	\N	\N	\N	active	{}	2026-06-08 09:49:24.020682+00	2026-06-15 08:26:32.199079+00	\N	\N	\N	\N
3444f983-b77a-4bde-934e-8a7f0922d975	06001500	芭米喝牛奶的小馒头(调理面包)	芭米	75g	袋	\N	90	5.90	11.30	16.30	cf415179-38e5-4c39-b68f-3b04f55366bf	f	f	\N	\N	\N	active	{}	2026-06-08 09:49:24.02098+00	2026-06-15 08:26:32.199079+00	\N	\N	\N	\N
1c727447-ee42-478f-90e4-1acd11ebb33c	10011485	达利园法式软面包香奶味	达利园	200g	包	\N	180	6.00	18.00	22.00	cf415179-38e5-4c39-b68f-3b04f55366bf	f	f	\N	\N	\N	active	{}	2026-06-08 09:49:23.978279+00	2026-06-15 08:26:32.199079+00	\N	\N	\N	\N
4ca810e9-f4e4-4cb9-830d-fb843bc5491d	10015582	友臣肉松饼	友臣	68g	包	\N	180	6.00	8.00	10.00	4f8c2ec3-a5dd-4a38-9988-073414785146	f	f	\N	\N	\N	active	{}	2026-06-08 09:49:23.978641+00	2026-06-15 08:26:32.199079+00	\N	\N	\N	\N
97a6a244-b67d-426b-85d6-191d46ccbd4e	10040119	回头客铜锣烧红豆味	回头客	160g	包	\N	180	5.50	14.00	18.50	711a2784-3245-435e-9d3b-8d69b6c774ef	f	f	\N	\N	\N	active	{}	2026-06-08 09:49:23.978942+00	2026-06-15 08:26:32.199079+00	\N	\N	\N	\N
705c4c4e-2c62-447d-ba5f-4fe9159fc8ec	10040126	回头客铜锣烧香芋味	回头客	160g	包	\N	180	5.50	14.00	18.50	711a2784-3245-435e-9d3b-8d69b6c774ef	f	f	\N	\N	\N	active	{}	2026-06-08 09:49:23.979267+00	2026-06-15 08:26:32.199079+00	\N	\N	\N	\N
315f2d43-14ea-4ec0-8cdd-582be9c28bf3	10089910	食滋源蛋黄酥(芝士味)	食滋源	110g	盒	\N	120	5.00	20.00	9.50	4f8c2ec3-a5dd-4a38-9988-073414785146	f	f	\N	\N	\N	active	{}	2026-06-08 09:49:23.97975+00	2026-06-15 08:26:32.199079+00	\N	\N	\N	\N
6dce3d5b-f47c-47cd-a175-9a3a3389ad8d	10170913	淳风派手工原味纯蛋糕	淳风派	120g	包	\N	90	4.50	11.00	11.00	fc1f7c70-98e9-4998-9239-e6bd83cfddd3	f	f	\N	\N	\N	active	{}	2026-06-08 09:49:23.980054+00	2026-06-15 08:26:32.199079+00	\N	\N	\N	\N
6d2549b2-2232-4a43-90af-210e2d2f26e7	10180048	欣欣手工原味蛋糕	欣欣	110g	包	\N	90	4.50	11.00	12.00	fc1f7c70-98e9-4998-9239-e6bd83cfddd3	f	f	\N	\N	\N	active	{}	2026-06-08 09:49:23.980356+00	2026-06-15 08:26:32.199079+00	\N	\N	\N	\N
46c2fde9-8503-477b-bd3f-c87f8ccc5a7e	10180547	淳风派三明治面包(肉松沙拉味)	淳风派	90g	袋	\N	90	4.00	13.00	11.00	6d601d4a-66e4-4c4c-a502-61baa6ffa8b2	f	f	\N	\N	\N	active	{}	2026-06-08 09:49:23.980664+00	2026-06-15 08:26:32.199079+00	\N	\N	\N	\N
f35b966a-c2d3-4086-8de7-5004d7a6c355	10180608	食滋源蛋黄酥(原味)	食滋源	55g	个	\N	120	3.70	13.00	10.00	4f8c2ec3-a5dd-4a38-9988-073414785146	f	f	\N	\N	\N	active	{}	2026-06-08 09:49:23.980988+00	2026-06-15 08:26:32.199079+00	\N	\N	\N	\N
21f536c4-78fb-4923-86cb-996eddc3b3fd	10180618	奕香绿豆饼	奕香	168g	袋	\N	160	4.20	18.00	8.00	4f8c2ec3-a5dd-4a38-9988-073414785146	f	f	\N	\N	\N	active	{}	2026-06-08 09:49:23.981354+00	2026-06-15 08:26:32.199079+00	\N	\N	\N	\N
\.

-- 上架白名单（V025 起合并为 hq_products.is_whitelisted boolean 列）
UPDATE hq_products SET is_whitelisted = true WHERE sku_code IN (
  '03918654', '03918661', '07002793', '07307034',
  '07307041', '15011262', '15020086', '15020599',
  '15020611', '15029808', '15040367', '15040406',
  '15040978', '15040992', '15041203', '15041289',
  '15061188', '15061206', '15061275', '15061276',
  '15061421', '15061432', '15061438', '15061445',
  '15061494', '15061500', '15061641', '15061819',
  '15061847', '15062045', '15062087', '15062101',
  '15062180', '15062188', '15062229', '15062230',
  '15062253', '15062265', '15062282', '15062441',
  '15062513', '15062514', '15062515', '15062561',
  '15062584', '15062651', '15062669', '15062681',
  '15062746', '15062818', '15062908', '15062909',
  '15801616', '15801623', '15802903', '15810371',
  '15810372', '15810693', '15810735', '15810975',
  '15811085', '23061399', '80643401'
);




COPY store_scene_shelves (id, store_id, scene, group_index, shelf_type, width_cm, layer_count, categories, notes, created_at, updated_at) FROM stdin;
99fed7ae-8608-5615-af25-6314706e030f	46950cd4-72c2-48ef-a546-e2ae20ced524	12	0	冷柜	75.00	7	{冷藏品}	01	2026-05-15 10:43:05.402+00	2026-06-08 09:57:25.725555+00
c1633999-3c55-d9d9-5329-f2e258a65ccc	46950cd4-72c2-48ef-a546-e2ae20ced524	12	1	冷柜	150.00	7	{冷藏品}	02	2026-05-18 07:12:20.543+00	2026-06-08 09:57:25.725941+00
\.

INSERT INTO store_scene_shelves (id, store_id, scene, group_index, shelf_type, width_cm, layer_count, categories)
SELECT 'bbbbbbbb-0000-4000-8000-000000000001', id, 2, 0, '标准货架', 75, 5, ARRAY['烘焙糕点']
FROM stores WHERE store_code = '粤37893';

COPY store_sku_snapshots (id, store_id, product_id, sku_code, snapshot_date, retail_price, sales_qty_30d, sales_amount_30d, sales_qty_90d, sales_amount_90d, gross_margin_30d, stock_qty, last_delivery_at, source, imported_by, created_at, updated_at) FROM stdin;
8cacb2a5-f159-4648-ac3d-945a33fcc217	46950cd4-72c2-48ef-a546-e2ae20ced524	df0f597d-94d3-4c37-8a66-9c6e06ee578b	03034078	2026-05-28	4.50	0	0.00	2	9.00	0.0000	\N	\N	erp_sync	\N	2026-06-08 09:54:44.977296+00	2026-06-15 09:33:32.807268+00
cce9eaf3-6123-4479-945e-35d53c363bd3	46950cd4-72c2-48ef-a546-e2ae20ced524	d934a3c1-e972-4da4-b90d-60bf66429873	03034090	2026-05-28	3.50	0	0.00	5	17.50	0.0000	\N	\N	erp_sync	\N	2026-06-08 09:54:44.978179+00	2026-06-15 09:33:32.807268+00
91039875-c91f-413c-9273-2dd48e52ce64	46950cd4-72c2-48ef-a546-e2ae20ced524	40de5fde-7e85-48ee-8033-5bb9d5bed80f	03034092	2026-05-28	4.50	0	0.00	6	27.00	0.0000	\N	\N	erp_sync	\N	2026-06-08 09:54:44.978473+00	2026-06-15 09:33:32.807268+00
a62e620a-a4e1-4b53-8dab-37af7b6c32e0	46950cd4-72c2-48ef-a546-e2ae20ced524	24164077-7745-49cf-ab78-5732e3d9d13a	03034093	2026-05-28	4.50	2	9.00	5	22.50	2.7000	\N	\N	erp_sync	\N	2026-06-08 09:54:44.978775+00	2026-06-15 09:33:32.807268+00
0ceba1ca-f8e2-475c-9853-591821fc3bc5	46950cd4-72c2-48ef-a546-e2ae20ced524	603e8e83-93a4-48e6-868a-463041258c1b	03918654	2026-05-28	7.30	4	29.20	16	129.20	3.7200	\N	\N	erp_sync	\N	2026-06-08 09:54:44.979068+00	2026-06-15 09:33:32.807268+00
095d4313-26ba-4a02-9232-94b79e807d72	46950cd4-72c2-48ef-a546-e2ae20ced524	aaed5205-0b79-4812-826b-b473c1d59adf	06000053	2026-05-28	6.50	1	6.50	6	38.18	1.9500	\N	\N	erp_sync	\N	2026-06-08 09:54:44.979375+00	2026-06-15 09:33:32.807268+00
6b484df8-0a97-436d-a493-794c28f41e6f	46950cd4-72c2-48ef-a546-e2ae20ced524	4ce8c077-6df0-4f06-9b0e-eb5cb0ee43a3	06000286	2026-05-28	2.80	0	0.00	1	2.80	0.0000	\N	\N	erp_sync	\N	2026-06-08 09:54:44.97966+00	2026-06-15 09:33:32.807268+00
2d2cf8ab-9cf2-431a-aca8-e583b9a1291f	46950cd4-72c2-48ef-a546-e2ae20ced524	35107002-4851-4ada-bd54-df3864cdad4a	06000296	2026-05-28	5.00	0	0.00	3	15.00	0.0000	\N	\N	erp_sync	\N	2026-06-08 09:54:44.979964+00	2026-06-15 09:33:32.807268+00
08db7ebe-7bec-4161-88fd-17e7e26bd2e0	46950cd4-72c2-48ef-a546-e2ae20ced524	99a0bbd9-67ea-4991-b234-028ddc4bce8c	06000303	2026-05-28	2.90	1	2.90	15	42.82	0.8700	\N	\N	erp_sync	\N	2026-06-08 09:54:44.980405+00	2026-06-15 09:33:32.807268+00
69ab112a-aac1-4cab-bf1b-8d841ab18cf7	46950cd4-72c2-48ef-a546-e2ae20ced524	91ba7697-e08b-4ee2-8c83-47fa76f11a35	06000312	2026-05-28	4.60	1	4.60	15	69.00	1.3800	\N	\N	erp_sync	\N	2026-06-08 09:54:44.980721+00	2026-06-15 09:33:32.807268+00
4336a2de-870b-43db-8602-b755d599cadd	46950cd4-72c2-48ef-a546-e2ae20ced524	3f6ead78-acf5-489c-a073-6e5abb80c2ea	06000313	2026-05-28	3.90	0	0.00	3	11.70	0.0000	\N	\N	erp_sync	\N	2026-06-08 09:54:44.981019+00	2026-06-15 09:33:32.807268+00
c2e0359b-aaf4-4884-979c-c1c15da0e4f4	46950cd4-72c2-48ef-a546-e2ae20ced524	75bd86df-b14b-4a4e-804e-1f56492ef671	06000377	2026-05-28	4.50	2	9.00	3	13.50	2.7000	\N	\N	erp_sync	\N	2026-06-08 09:54:44.981326+00	2026-06-15 09:33:32.807268+00
f3dac727-5f69-4611-ad8a-668d131575d5	46950cd4-72c2-48ef-a546-e2ae20ced524	af556d0a-0146-4df4-9736-dab10bbb8276	06000491	2026-05-28	4.71	6	28.27	12	57.07	8.4600	\N	\N	erp_sync	\N	2026-06-08 09:54:44.981923+00	2026-06-15 09:33:32.807268+00
7dbdeaf5-4a65-4367-b578-0e9f2b4379dd	46950cd4-72c2-48ef-a546-e2ae20ced524	b80dfc02-e35d-4efd-b2af-9420344f9925	06000536	2026-05-28	4.90	0	0.00	2	9.80	0.0000	\N	\N	erp_sync	\N	2026-06-08 09:54:44.982266+00	2026-06-15 09:33:32.807268+00
e209d924-4375-4f05-83fa-269cd1947175	46950cd4-72c2-48ef-a546-e2ae20ced524	ad2abb4d-f9ab-4817-934e-b37d309c8969	06000537	2026-05-28	4.90	1	4.90	2	9.80	1.4700	\N	\N	erp_sync	\N	2026-06-08 09:54:44.982568+00	2026-06-15 09:33:32.807268+00
3e0a4552-fb82-4965-9805-c0258f5f33af	46950cd4-72c2-48ef-a546-e2ae20ced524	47c3f9d6-d6bd-4d6e-a130-eeb235a94ca7	06000550	2026-05-28	5.50	2	11.00	5	27.50	3.3000	\N	\N	erp_sync	\N	2026-06-08 09:54:44.983184+00	2026-06-15 09:33:32.807268+00
340b70d2-83b6-4c0d-87f9-2be174d80478	46950cd4-72c2-48ef-a546-e2ae20ced524	7b4ed169-7e8b-4bde-bf58-0f3a5f0a425b	06000557	2026-05-28	4.54	4	18.15	7	33.15	5.4400	\N	\N	erp_sync	\N	2026-06-08 09:54:44.983486+00	2026-06-15 09:33:32.807268+00
d9c3752b-82ca-4f75-b6d9-985523a90b7b	46950cd4-72c2-48ef-a546-e2ae20ced524	a5d71638-8246-41e4-a364-7c3625e3eae7	06000705	2026-05-28	3.57	2	7.14	9	34.44	2.1400	\N	\N	erp_sync	\N	2026-06-08 09:54:44.984195+00	2026-06-15 09:33:32.807268+00
7b5243e7-11e0-489e-ba09-441c4e1c2ffe	46950cd4-72c2-48ef-a546-e2ae20ced524	9ddc84c3-c4fe-4227-805d-aa48577d41df	06000730	2026-05-28	6.50	1	6.50	2	13.00	1.9500	\N	\N	erp_sync	\N	2026-06-08 09:54:44.984495+00	2026-06-15 09:33:32.807268+00
19f045b0-8502-4bea-945e-36dac980dd05	46950cd4-72c2-48ef-a546-e2ae20ced524	95f8f6b4-4eb7-403e-b463-faa0b3532747	06000753	2026-05-28	5.20	2	10.39	10	54.39	3.1200	\N	\N	erp_sync	\N	2026-06-08 09:54:44.984783+00	2026-06-15 09:33:32.807268+00
097c041e-dca6-41e8-94c5-08ea1d4570be	46950cd4-72c2-48ef-a546-e2ae20ced524	3a62d27a-7662-4d55-bb62-192619819edf	06000796	2026-05-28	6.00	2	12.00	9	54.00	3.6000	\N	\N	erp_sync	\N	2026-06-08 09:54:44.985077+00	2026-06-15 09:33:32.807268+00
4853a05c-89a3-4074-9a3d-e818db5bd2f8	46950cd4-72c2-48ef-a546-e2ae20ced524	dd5e2287-22f0-4018-884f-b43c24a602e2	06000814	2026-05-28	5.00	6	30.00	9	46.50	9.0000	\N	\N	erp_sync	\N	2026-06-08 09:54:44.985398+00	2026-06-15 09:33:32.807268+00
bf22f4d4-9596-4bcb-bb40-3439b5b57423	46950cd4-72c2-48ef-a546-e2ae20ced524	2f0b272c-098f-496d-90e1-0beae9a6fa59	06000835	2026-05-28	5.00	1	5.00	3	15.00	1.5000	\N	\N	erp_sync	\N	2026-06-08 09:54:44.985704+00	2026-06-15 09:33:32.807268+00
daed0972-be00-47fc-a0a7-6f3276fb8257	46950cd4-72c2-48ef-a546-e2ae20ced524	409becba-ef49-40e2-8c64-e596be82e6fc	06000845	2026-05-28	3.50	2	7.00	2	7.00	2.1000	\N	\N	erp_sync	\N	2026-06-08 09:54:44.986001+00	2026-06-15 09:33:32.807268+00
ead28be7-ebb5-4d55-9295-a3ed98776d3b	46950cd4-72c2-48ef-a546-e2ae20ced524	930f2e35-0cf1-455e-acde-5166de1ee71a	06000985	2026-05-28	5.00	2	10.00	4	20.00	3.0000	\N	\N	erp_sync	\N	2026-06-08 09:54:44.986316+00	2026-06-15 09:33:32.807268+00
b30940a3-07cd-4736-9eec-877301311616	46950cd4-72c2-48ef-a546-e2ae20ced524	3f2a878a-a145-4bb2-92d6-68a2201b40fa	06000997	2026-05-28	4.90	0	0.00	1	4.90	0.0000	\N	\N	erp_sync	\N	2026-06-08 09:54:44.987204+00	2026-06-15 09:33:32.807268+00
cedba3dd-b462-47d1-bddb-e1ec6a3485c7	46950cd4-72c2-48ef-a546-e2ae20ced524	17f6cf51-6cf1-408b-af73-9585eed4c4e3	06001017	2026-05-28	5.50	14	77.00	22	121.00	23.1000	\N	\N	erp_sync	\N	2026-06-08 09:54:44.987654+00	2026-06-15 09:33:32.807268+00
4ca95304-bc5b-4a02-95ab-c86f665c8ab5	46950cd4-72c2-48ef-a546-e2ae20ced524	b39cb172-f202-4b1c-bc98-738089f73a4f	06001032	2026-05-28	5.00	10	50.00	18	88.44	15.0000	\N	\N	erp_sync	\N	2026-06-08 09:54:44.98818+00	2026-06-15 09:33:32.807268+00
e37b30b7-de9b-4335-8ddc-8d376e283121	46950cd4-72c2-48ef-a546-e2ae20ced524	14bb412c-e38b-4f31-827b-1ee2f174c539	06001038	2026-05-28	3.80	0	0.00	8	30.40	0.0000	\N	\N	erp_sync	\N	2026-06-08 09:54:44.988481+00	2026-06-15 09:33:32.807268+00
34b3b827-1927-4f39-a414-a2dc9a0f6fd9	46950cd4-72c2-48ef-a546-e2ae20ced524	a5934539-5f30-4b6e-a966-3268dcc60e76	06001041	2026-05-28	4.90	0	0.00	5	24.50	0.0000	\N	\N	erp_sync	\N	2026-06-08 09:54:44.988778+00	2026-06-15 09:33:32.807268+00
2a611785-440b-4745-a11c-dfa203443040	46950cd4-72c2-48ef-a546-e2ae20ced524	102f0164-ae6c-4429-ac52-1f0475878bd1	06001067	2026-05-28	4.56	2	9.12	4	19.12	2.7400	\N	\N	erp_sync	\N	2026-06-08 09:54:44.989081+00	2026-06-15 09:33:32.807268+00
07fb6171-b738-4c34-892e-cedd85567322	46950cd4-72c2-48ef-a546-e2ae20ced524	8fa0bff6-28f8-4b19-a55c-6e47f2f64b3a	06001083	2026-05-28	4.50	1	4.50	1	4.50	1.3500	\N	\N	erp_sync	\N	2026-06-08 09:54:44.989393+00	2026-06-15 09:33:32.807268+00
239668a1-8b8b-4846-8e3b-31f1c6277b23	46950cd4-72c2-48ef-a546-e2ae20ced524	6eca85dd-84b4-4acf-a99b-69ef8ecfa1f2	06001093	2026-05-28	3.64	6	21.81	15	54.63	6.5400	\N	\N	erp_sync	\N	2026-06-08 09:54:44.98968+00	2026-06-15 09:33:32.807268+00
46a23d05-5316-4efd-bd26-9bf59104e54b	46950cd4-72c2-48ef-a546-e2ae20ced524	115e939d-a87f-4f76-93bc-327c25f0f36a	06001099	2026-05-28	3.71	7	25.94	19	70.49	7.7700	\N	\N	erp_sync	\N	2026-06-08 09:54:44.989968+00	2026-06-15 09:33:32.807268+00
6da566e4-19d2-4e54-ba6b-90ec5ee7ebf6	46950cd4-72c2-48ef-a546-e2ae20ced524	148e2f4c-fcda-40ce-a404-681a1e6bf520	06001104	2026-05-28	4.90	1	4.90	7	34.30	1.4700	\N	\N	erp_sync	\N	2026-06-08 09:54:44.99026+00	2026-06-15 09:33:32.807268+00
1c33c4ca-6b4d-4250-9b87-71e17b4c3f6f	46950cd4-72c2-48ef-a546-e2ae20ced524	266d3cad-2535-4632-8a88-b1d737bd7cbb	06001115	2026-05-28	4.90	0	0.00	3	14.70	0.0000	\N	\N	erp_sync	\N	2026-06-08 09:54:44.990884+00	2026-06-15 09:33:32.807268+00
2df8a7c0-5ac0-4819-be0f-880fd5ac8f28	46950cd4-72c2-48ef-a546-e2ae20ced524	bf58e2ef-fce9-439d-a6d0-09eb31ca9ecb	06001122	2026-05-28	3.75	1	3.75	3	12.13	1.1200	\N	\N	erp_sync	\N	2026-06-08 09:54:44.991196+00	2026-06-15 09:33:32.807268+00
17d182dc-fdbd-40e3-bad3-98546fd8b862	46950cd4-72c2-48ef-a546-e2ae20ced524	8c845e56-68c8-4b09-85ba-6c7c46748785	06001357	2026-05-28	4.67	2	9.33	12	63.57	2.8000	\N	\N	erp_sync	\N	2026-06-08 09:54:44.991502+00	2026-06-15 09:33:32.807268+00
a84cba4c-9709-43b9-9b5e-227531aab2f9	46950cd4-72c2-48ef-a546-e2ae20ced524	95f56c98-2e72-4a80-ab60-b4c7cf3d891b	06001405	2026-05-28	3.90	0	0.00	2	7.80	0.0000	\N	\N	erp_sync	\N	2026-06-08 09:54:44.991786+00	2026-06-15 09:33:32.807268+00
e089a936-ead0-4193-95f5-3585cb4a7cec	46950cd4-72c2-48ef-a546-e2ae20ced524	c576683a-ecdf-4d52-a0ed-9e7b31fa5b0f	06001406	2026-05-28	4.90	2	9.80	3	14.70	2.9400	\N	\N	erp_sync	\N	2026-06-08 09:54:44.992154+00	2026-06-15 09:33:32.807268+00
b48a96c2-e765-4e0e-99ab-bd80810126c4	46950cd4-72c2-48ef-a546-e2ae20ced524	d05cf83c-63e2-41b6-85ec-7ff2757ac192	06001444	2026-05-28	9.90	1	9.90	1	9.90	2.9700	\N	\N	erp_sync	\N	2026-06-08 09:54:44.992462+00	2026-06-15 09:33:32.807268+00
7b85109e-2dc6-45f4-9d5d-3d36854db8e4	46950cd4-72c2-48ef-a546-e2ae20ced524	48b8a691-d857-48ad-b5c3-a4711408f674	06001460	2026-05-28	3.90	1	3.90	1	3.90	1.1700	\N	\N	erp_sync	\N	2026-06-08 09:54:44.992759+00	2026-06-15 09:33:32.807268+00
109d16e3-7b38-43df-b2d4-7099041dad1d	46950cd4-72c2-48ef-a546-e2ae20ced524	6139ac71-8183-461f-89a7-a0093ecb61e3	06001516	2026-05-28	9.90	0	0.00	2	19.80	0.0000	\N	\N	erp_sync	\N	2026-06-08 09:54:44.993797+00	2026-06-15 09:33:32.807268+00
ce339a65-1c97-44fb-80dc-fa41dcf3b98b	46950cd4-72c2-48ef-a546-e2ae20ced524	82f02b05-4bcf-494d-b147-bb95d9c330f6	07307034	2026-05-28	9.20	5	46.00	6	57.50	3.6500	\N	\N	erp_sync	\N	2026-06-08 09:54:44.999817+00	2026-06-15 09:33:32.807268+00
a2a21199-e737-47be-b6b1-335de6614d04	46950cd4-72c2-48ef-a546-e2ae20ced524	d2384e85-ced6-4fa1-b05f-63cf79e2c120	07307041	2026-05-28	11.50	8	92.00	13	143.75	24.2400	\N	\N	erp_sync	\N	2026-06-08 09:54:45.000115+00	2026-06-15 09:33:32.807268+00
dc1c854a-7017-48ba-8186-4ea1f0cc4a80	46950cd4-72c2-48ef-a546-e2ae20ced524	4ca810e9-f4e4-4cb9-830d-fb843bc5491d	10015582	2026-05-28	4.50	2	9.00	4	17.46	2.7000	\N	\N	erp_sync	\N	2026-06-08 09:54:45.001216+00	2026-06-15 09:33:32.807268+00
2adaa4c5-2db8-4c0a-acee-6c0ed538c950	46950cd4-72c2-48ef-a546-e2ae20ced524	315f2d43-14ea-4ec0-8cdd-582be9c28bf3	10089910	2026-05-28	10.00	1	10.00	3	30.00	3.0000	\N	\N	erp_sync	\N	2026-06-08 09:54:45.001521+00	2026-06-15 09:33:32.807268+00
fb4caaf3-96aa-407b-ba87-dc35ff5878cd	46950cd4-72c2-48ef-a546-e2ae20ced524	6dce3d5b-f47c-47cd-a175-9a3a3389ad8d	10170913	2026-05-28	6.00	1	6.00	12	66.00	1.8000	\N	\N	erp_sync	\N	2026-06-08 09:54:45.001828+00	2026-06-15 09:33:32.807268+00
ec9eed32-002d-49ac-8cbe-c02bd705bae2	46950cd4-72c2-48ef-a546-e2ae20ced524	6d2549b2-2232-4a43-90af-210e2d2f26e7	10180048	2026-05-28	6.00	2	12.00	11	66.00	3.6000	\N	\N	erp_sync	\N	2026-06-08 09:54:45.002132+00	2026-06-15 09:33:32.807268+00
e5cb14e7-4157-446f-9018-241dc9ef213f	46950cd4-72c2-48ef-a546-e2ae20ced524	46c2fde9-8503-477b-bd3f-c87f8ccc5a7e	10180547	2026-05-28	4.50	4	18.00	25	95.31	5.4000	\N	\N	erp_sync	\N	2026-06-08 09:54:45.002435+00	2026-06-15 09:33:32.807268+00
969b06bd-04e4-441b-b6d1-aabbab1bc39d	46950cd4-72c2-48ef-a546-e2ae20ced524	f35b966a-c2d3-4086-8de7-5004d7a6c355	10180608	2026-05-28	4.00	5	20.00	11	35.00	6.0000	\N	\N	erp_sync	\N	2026-06-08 09:54:45.002755+00	2026-06-15 09:33:32.807268+00
be983227-f42a-4ded-a910-1140a9bb0aff	46950cd4-72c2-48ef-a546-e2ae20ced524	21f536c4-78fb-4923-86cb-996eddc3b3fd	10180618	2026-05-28	4.75	4	19.00	20	97.48	5.6800	\N	\N	erp_sync	\N	2026-06-08 09:54:45.003056+00	2026-06-15 09:33:32.807268+00
e06f7f70-7dc9-4705-a5de-faecc0d800ad	46950cd4-72c2-48ef-a546-e2ae20ced524	825fe563-68cc-4c24-912d-b328ce0c382b	10190265	2026-05-28	4.15	4	16.58	4	16.58	4.9600	\N	\N	erp_sync	\N	2026-06-08 09:54:45.003362+00	2026-06-15 09:33:32.807268+00
aee07926-7a9a-4281-880f-2dd6baa4f6fd	46950cd4-72c2-48ef-a546-e2ae20ced524	1ced8a76-501b-44d4-b840-1c0362605ee2	15011262	2026-05-28	8.25	3	24.75	13	102.53	13.8000	\N	\N	erp_sync	\N	2026-06-08 09:54:45.003661+00	2026-06-15 09:33:32.807268+00
df8afc7c-a0b6-4b3c-a612-121873808209	46950cd4-72c2-48ef-a546-e2ae20ced524	26cb9dcb-27c1-47d6-b878-78ff718b83b7	15020086	2026-05-28	8.71	3	26.12	6	54.62	4.0800	\N	\N	erp_sync	\N	2026-06-08 09:54:45.003956+00	2026-06-15 09:33:32.807268+00
820e4882-dbdc-4ebc-905b-e4599c11ec60	46950cd4-72c2-48ef-a546-e2ae20ced524	e6f77d75-5288-46f3-8034-0694f0d87b85	15020599	2026-05-28	5.46	15	81.85	30	167.25	9.9000	\N	\N	erp_sync	\N	2026-06-08 09:54:45.004285+00	2026-06-15 09:33:32.807268+00
e36fda36-ac7a-47cc-898d-69a598f1e522	46950cd4-72c2-48ef-a546-e2ae20ced524	c482792b-d8d0-410d-a04f-a664461a7aaf	15020611	2026-05-28	3.96	2	7.92	16	83.84	-1.4800	\N	\N	erp_sync	\N	2026-06-08 09:54:45.004637+00	2026-06-15 09:33:32.807268+00
1d3358d0-de68-4960-9a0a-82f47c8b1fdf	46950cd4-72c2-48ef-a546-e2ae20ced524	1f79a2ca-838e-47b0-b26b-47b8af66fa7c	15040367	2026-05-28	6.03	9	54.30	33	186.58	11.0700	\N	\N	erp_sync	\N	2026-06-08 09:54:45.00573+00	2026-06-15 09:33:32.807268+00
9690f589-19a1-4a43-8129-8e51e2a9c067	46950cd4-72c2-48ef-a546-e2ae20ced524	1d15c5c7-2e47-4e99-9f2a-a55bc473e53f	15040406	2026-05-28	5.00	2	10.00	12	62.17	-2.4000	\N	\N	erp_sync	\N	2026-06-08 09:54:45.006165+00	2026-06-15 09:33:32.807268+00
b32bc72f-6bbe-40e1-910a-151c1b68d2b9	46950cd4-72c2-48ef-a546-e2ae20ced524	a8c7c45a-195f-4d96-8c3e-56603c4279bf	15040978	2026-05-28	6.90	5	34.50	10	68.90	2.3000	\N	\N	erp_sync	\N	2026-06-08 09:54:45.006464+00	2026-06-15 09:33:32.807268+00
f00f56f0-1578-488d-8766-b292443c7096	46950cd4-72c2-48ef-a546-e2ae20ced524	6c5c554d-86fa-4d4a-988b-9eda4282f2a4	15041203	2026-05-28	9.50	3	28.50	7	62.50	7.1400	\N	\N	erp_sync	\N	2026-06-08 09:54:45.006891+00	2026-06-15 09:33:32.807268+00
328341d3-e16d-4347-98f3-a0b8d49398b1	46950cd4-72c2-48ef-a546-e2ae20ced524	30101bde-8b4a-4439-a36a-08f9b1535e28	15041289	2026-05-28	6.37	2	12.74	10	77.52	-1.9600	\N	\N	erp_sync	\N	2026-06-08 09:54:45.007189+00	2026-06-15 09:33:32.807268+00
55df6241-46e9-4e20-8391-7b1119702522	46950cd4-72c2-48ef-a546-e2ae20ced524	41f4c369-a3e1-4151-a33e-8b63a0051214	15061188	2026-05-28	5.24	21	110.03	49	243.35	-30.0300	\N	\N	erp_sync	\N	2026-06-08 09:54:45.008094+00	2026-06-15 09:33:32.807268+00
5d34a491-9406-4ae9-b54c-8014f9de47a3	46950cd4-72c2-48ef-a546-e2ae20ced524	ef6a4184-317e-4c55-81ed-7d39a152d838	15061206	2026-05-28	8.87	13	115.30	34	313.40	-35.4900	\N	\N	erp_sync	\N	2026-06-08 09:54:45.008422+00	2026-06-15 09:33:32.807268+00
fa19fc7f-a816-4168-b0a2-63cc4293e456	46950cd4-72c2-48ef-a546-e2ae20ced524	ef00094f-27cc-4353-8b5f-f047bfedfdfa	15061421	2026-05-28	9.54	7	66.78	51	499.86	14.8400	\N	\N	erp_sync	\N	2026-06-08 09:54:45.008775+00	2026-06-15 09:33:32.807268+00
ecd9843f-c5fa-4e3c-91cb-2d7c26ae2d5f	46950cd4-72c2-48ef-a546-e2ae20ced524	18ceaf65-128d-492e-ba0c-1b7fcf4ff462	15061432	2026-05-28	4.21	15	63.15	32	134.85	7.6500	\N	\N	erp_sync	\N	2026-06-08 09:54:45.009082+00	2026-06-15 09:33:32.807268+00
ca395d5d-bd4b-4f46-a965-8723c8e7c8c6	46950cd4-72c2-48ef-a546-e2ae20ced524	9be00ca5-96b5-41e1-a6fa-17c00622992c	15061438	2026-05-28	5.32	5	26.59	10	53.15	2.6000	\N	\N	erp_sync	\N	2026-06-08 09:54:45.009385+00	2026-06-15 09:33:32.807268+00
a051d888-76af-4ce5-8562-0a1095becb65	46950cd4-72c2-48ef-a546-e2ae20ced524	c9c9c61c-e535-4cc8-b968-ce3d73aa6d41	15061445	2026-05-28	7.50	2	15.00	5	33.75	4.0600	\N	\N	erp_sync	\N	2026-06-08 09:54:45.009684+00	2026-06-15 09:33:32.807268+00
e0860e8c-21e3-4b28-abf7-74e2d8e462e3	46950cd4-72c2-48ef-a546-e2ae20ced524	6e654c7e-de20-4ff8-a2f7-b552ea0f90f5	15061500	2026-05-28	6.75	4	27.01	6	46.01	-2.4000	\N	\N	erp_sync	\N	2026-06-08 09:54:45.0103+00	2026-06-15 09:33:32.807268+00
372d5a82-0cdb-4ba5-992c-b88c9fb7f9fe	46950cd4-72c2-48ef-a546-e2ae20ced524	d21990ba-d8a9-44ba-884c-0ea8195552d7	15061819	2026-05-28	5.45	2	10.90	7	38.42	1.3000	\N	\N	erp_sync	\N	2026-06-08 09:54:45.010601+00	2026-06-15 09:33:32.807268+00
3d06c9dc-0755-488a-a43b-bceacd694d00	46950cd4-72c2-48ef-a546-e2ae20ced524	02a4ec96-4401-4383-b31a-14fd7e3c8b09	15061847	2026-05-28	8.21	21	172.50	53	444.98	-40.1100	\N	\N	erp_sync	\N	2026-06-08 09:54:45.010893+00	2026-06-15 09:33:32.807268+00
da4b4caf-fe9e-480b-8c5a-56fcd131c087	46950cd4-72c2-48ef-a546-e2ae20ced524	2bb00d2d-3fb1-4bc4-ac75-7c00e496d48c	15062045	2026-05-28	5.58	6	33.46	16	83.34	4.6800	\N	\N	erp_sync	\N	2026-06-08 09:54:45.011226+00	2026-06-15 09:33:32.807268+00
59ce7cb3-f491-472b-a001-3064b35b3933	46950cd4-72c2-48ef-a546-e2ae20ced524	4c9f118b-480b-48e1-a95d-8e04de07502b	15062101	2026-05-28	5.93	5	29.63	11	61.43	-1.3500	\N	\N	erp_sync	\N	2026-06-08 09:54:45.011524+00	2026-06-15 09:33:32.807268+00
b6d8ba0e-b1dd-4efa-a8f6-99fb5381661f	46950cd4-72c2-48ef-a546-e2ae20ced524	7c17e3bb-84d2-46d3-8149-71b041cbe7ce	15062188	2026-05-28	6.62	4	26.47	7	52.17	-3.2000	\N	\N	erp_sync	\N	2026-06-08 09:54:45.011819+00	2026-06-15 09:33:32.807268+00
8e6230d6-579d-4ead-95dc-f34752a93245	46950cd4-72c2-48ef-a546-e2ae20ced524	3fdb5a55-9148-4911-a32d-bbb7eea622b5	15062253	2026-05-28	8.81	2	17.61	4	36.61	2.9200	\N	\N	erp_sync	\N	2026-06-08 09:54:45.012119+00	2026-06-15 09:33:32.807268+00
0f9edf68-a44e-41ae-b7fa-e37bc725949d	46950cd4-72c2-48ef-a546-e2ae20ced524	d49ec0a4-fffe-44f1-927c-1a466e6d1233	15062265	2026-05-28	11.40	12	136.80	23	247.98	-21.2400	\N	\N	erp_sync	\N	2026-06-08 09:54:45.012423+00	2026-06-15 09:33:32.807268+00
d12f7de3-c98c-4fe8-b782-38ff4fcab29a	46950cd4-72c2-48ef-a546-e2ae20ced524	7328827a-e812-4426-b59a-dfb0f9645199	15062282	2026-05-28	6.48	6	38.90	8	55.18	0.2400	\N	\N	erp_sync	\N	2026-06-08 09:54:45.012713+00	2026-06-15 09:33:32.807268+00
e35c16ad-ebfe-452c-a8d0-7bdbd030e4c1	46950cd4-72c2-48ef-a546-e2ae20ced524	01082f51-f325-4251-87ed-076c73ca241e	15062513	2026-05-28	7.35	2	14.70	7	41.10	1.6800	\N	\N	erp_sync	\N	2026-06-08 09:54:45.013618+00	2026-06-15 09:33:32.807268+00
ec41243e-d4fe-4fbf-b1f2-586801b8ee50	46950cd4-72c2-48ef-a546-e2ae20ced524	9991ee51-201f-49a6-be9e-dc508f20fc44	15062515	2026-05-28	7.35	2	14.70	12	76.34	1.6800	\N	\N	erp_sync	\N	2026-06-08 09:54:45.014097+00	2026-06-15 09:33:32.807268+00
fdb2cd43-af16-4e11-9a72-1d3b7902fa6a	46950cd4-72c2-48ef-a546-e2ae20ced524	8b082873-ef31-49ba-8d15-fc1c83bf1bcf	15062561	2026-05-28	5.78	22	127.12	24	138.92	25.9600	\N	\N	erp_sync	\N	2026-06-08 09:54:45.014401+00	2026-06-15 09:33:32.807268+00
b32c16ac-6617-4c59-943c-65206822bd07	46950cd4-72c2-48ef-a546-e2ae20ced524	610cdcbc-6f44-4a4f-9480-de23eb5ce10c	15062651	2026-05-28	10.92	5	54.60	23	284.97	-0.5000	\N	\N	erp_sync	\N	2026-06-08 09:54:45.014706+00	2026-06-15 09:33:32.807268+00
f191bc64-a773-440b-af3c-18e7b6e7935f	46950cd4-72c2-48ef-a546-e2ae20ced524	96916520-bf17-4e10-a835-0744a458771f	15062669	2026-05-28	5.56	6	33.38	16	81.16	2.5200	\N	\N	erp_sync	\N	2026-06-08 09:54:45.015381+00	2026-06-15 09:33:32.807268+00
8f420004-2a8a-46e4-b554-c66b773f8dca	46950cd4-72c2-48ef-a546-e2ae20ced524	14f02014-6226-4cdc-9b43-b8ec3758bf78	15062681	2026-05-28	10.61	9	95.50	16	184.00	-17.0100	\N	\N	erp_sync	\N	2026-06-08 09:54:45.015689+00	2026-06-15 09:33:32.807268+00
1a8e6b61-6334-4496-bce2-b76d9db7c8d1	46950cd4-72c2-48ef-a546-e2ae20ced524	349a4d03-7e84-4e7b-9fc2-2ec59d2eb5a7	15062818	2026-05-28	6.84	21	143.56	55	375.08	30.6600	\N	\N	erp_sync	\N	2026-06-08 09:54:45.016309+00	2026-06-15 09:33:32.807268+00
3ccacbd9-9a22-4648-bdf9-f5a213303cc7	46950cd4-72c2-48ef-a546-e2ae20ced524	3a78b9f8-648b-4e7b-b8be-81d201df7030	15801616	2026-05-28	3.30	24	79.20	59	193.55	1.2000	\N	\N	erp_sync	\N	2026-06-08 09:54:45.016612+00	2026-06-15 09:33:32.807268+00
a9ee720b-c0e6-4fdf-a99b-75ceeb24fe4b	46950cd4-72c2-48ef-a546-e2ae20ced524	8198db60-a8fb-4a03-a3fb-2b34c4a99ce5	15801623	2026-05-28	3.33	27	89.82	73	250.46	1.3500	\N	\N	erp_sync	\N	2026-06-08 09:54:45.016913+00	2026-06-15 09:33:32.807268+00
d358f427-9358-4d06-b628-c58c3e29bc1b	46950cd4-72c2-48ef-a546-e2ae20ced524	f556f3a7-5372-4a89-a27a-549e83f2c2da	15810372	2026-05-28	8.90	0	0.00	1	8.90	0.0000	\N	\N	erp_sync	\N	2026-06-08 09:54:45.017232+00	2026-06-15 09:33:32.807268+00
f1baba76-d17e-452c-abd7-3c6a0fd9e420	46950cd4-72c2-48ef-a546-e2ae20ced524	cef81128-8e72-4ec6-b770-513668b8346d	15810735	2026-05-28	8.92	10	89.18	19	174.28	-15.0000	\N	\N	erp_sync	\N	2026-06-08 09:54:45.017551+00	2026-06-15 09:33:32.807268+00
a1ae97f8-2721-464b-8ded-292cdc5a12e2	46950cd4-72c2-48ef-a546-e2ae20ced524	e6530089-2d5c-4f53-a130-29285493f07c	15810975	2026-05-28	10.75	18	193.50	35	372.33	8.4600	\N	\N	erp_sync	\N	2026-06-08 09:54:45.017862+00	2026-06-15 09:33:32.807268+00
8664d10f-7233-4198-abb1-4ee2b6c16374	46950cd4-72c2-48ef-a546-e2ae20ced524	6acb3694-7dcc-4a58-82d1-635eb7e64081	15811085	2026-05-28	6.34	5	31.70	14	94.10	-1.2000	\N	\N	erp_sync	\N	2026-06-08 09:54:45.018165+00	2026-06-15 09:33:32.807268+00
63fa6457-a66f-4e00-a587-97cdbd8ee247	46950cd4-72c2-48ef-a546-e2ae20ced524	1c70a5bb-21a0-45ab-9791-8eb730c40637	23061399	2026-05-28	7.03	4	28.12	13	74.86	3.3200	\N	\N	erp_sync	\N	2026-06-08 09:54:45.018481+00	2026-06-15 09:33:32.807268+00
86544399-3ba3-445a-91c0-fb005c29ae3b	46950cd4-72c2-48ef-a546-e2ae20ced524	4ff3d2ea-c845-4b76-b34b-28d503181914	80643401	2026-05-28	11.00	1	11.00	8	78.67	2.8500	\N	\N	erp_sync	\N	2026-06-08 09:54:45.019068+00	2026-06-15 09:33:32.807268+00
6d882ffc-5ccd-4d2b-8448-cb8622180f31	91b6bc98-4feb-4e90-a2a7-cb31e9bfe340	df0f597d-94d3-4c37-8a66-9c6e06ee578b	03034078	2026-05-28	4.50	0	0.00	2	9.00	0.0000	\N	\N	erp_sync	\N	2026-06-08 09:54:45.173818+00	2026-06-15 09:33:32.807268+00
90d61957-4834-429e-84ec-69353fafa368	91b6bc98-4feb-4e90-a2a7-cb31e9bfe340	d934a3c1-e972-4da4-b90d-60bf66429873	03034090	2026-05-28	2.25	2	4.50	5	15.00	1.3400	\N	\N	erp_sync	\N	2026-06-08 09:54:45.174465+00	2026-06-15 09:33:32.807268+00
90a67629-a782-45f2-9513-0fd702bd4967	91b6bc98-4feb-4e90-a2a7-cb31e9bfe340	603e8e83-93a4-48e6-868a-463041258c1b	03918654	2026-05-28	5.63	11	61.91	29	208.91	-8.1400	\N	\N	erp_sync	\N	2026-06-08 09:54:45.174787+00	2026-06-15 09:33:32.807268+00
e9b4e347-90ae-446b-bd48-1919633f53cc	91b6bc98-4feb-4e90-a2a7-cb31e9bfe340	aaed5205-0b79-4812-826b-b473c1d59adf	06000053	2026-05-28	6.50	1	6.50	1	6.50	1.9500	\N	\N	erp_sync	\N	2026-06-08 09:54:45.175144+00	2026-06-15 09:33:32.807268+00
79ea8dcd-b232-40e6-9c17-a3b8edfa74c7	91b6bc98-4feb-4e90-a2a7-cb31e9bfe340	4ce8c077-6df0-4f06-9b0e-eb5cb0ee43a3	06000286	2026-05-28	2.80	11	30.80	15	42.00	9.2400	\N	\N	erp_sync	\N	2026-06-08 09:54:45.175508+00	2026-06-15 09:33:32.807268+00
fd19c2c4-4441-48dd-961a-4e6532347782	91b6bc98-4feb-4e90-a2a7-cb31e9bfe340	91ba7697-e08b-4ee2-8c83-47fa76f11a35	06000312	2026-05-28	4.60	9	41.40	9	41.40	12.4200	\N	\N	erp_sync	\N	2026-06-08 09:54:45.175827+00	2026-06-15 09:33:32.807268+00
cf7e4e29-5113-4622-89c2-104c0579fbe0	91b6bc98-4feb-4e90-a2a7-cb31e9bfe340	3f6ead78-acf5-489c-a073-6e5abb80c2ea	06000313	2026-05-28	3.66	8	29.29	16	60.49	8.8000	\N	\N	erp_sync	\N	2026-06-08 09:54:45.176155+00	2026-06-15 09:33:32.807268+00
59cae393-644c-48d2-9861-3b4c4fd2f83a	91b6bc98-4feb-4e90-a2a7-cb31e9bfe340	84b6a0f4-293b-4dd7-8fc8-c81a8dd209ac	06000315	2026-05-28	5.00	2	10.00	6	30.00	3.0000	\N	\N	erp_sync	\N	2026-06-08 09:54:45.176458+00	2026-06-15 09:33:32.807268+00
97c6dab7-f35d-40f7-b7d1-732fd500829b	91b6bc98-4feb-4e90-a2a7-cb31e9bfe340	621a2b05-7fa4-4e3c-ba2b-81824ec3c0ce	06000360	2026-05-28	4.90	0	0.00	3	14.70	0.0000	\N	\N	erp_sync	\N	2026-06-08 09:54:45.177062+00	2026-06-15 09:33:32.807268+00
56e1912b-543f-4794-91b4-8825d5708296	91b6bc98-4feb-4e90-a2a7-cb31e9bfe340	dfb4ca1b-e4d8-4990-8694-0b35461dd0ae	06000365	2026-05-28	5.00	2	10.00	3	15.00	3.0000	\N	\N	erp_sync	\N	2026-06-08 09:54:45.17736+00	2026-06-15 09:33:32.807268+00
e1a47a47-bb30-428a-9ba1-b75140b7bbbc	91b6bc98-4feb-4e90-a2a7-cb31e9bfe340	af556d0a-0146-4df4-9736-dab10bbb8276	06000491	2026-05-28	4.80	0	0.00	7	33.60	0.0000	\N	\N	erp_sync	\N	2026-06-08 09:54:45.178239+00	2026-06-15 09:33:32.807268+00
ee941731-6a0b-4b40-b8e3-10e6b6bd48b1	91b6bc98-4feb-4e90-a2a7-cb31e9bfe340	7b4ed169-7e8b-4bde-bf58-0f3a5f0a425b	06000557	2026-05-28	5.00	5	25.00	14	70.00	7.5000	\N	\N	erp_sync	\N	2026-06-08 09:54:45.178534+00	2026-06-15 09:33:32.807268+00
71364e7d-cdaf-4234-b7e4-a285fe4056a3	91b6bc98-4feb-4e90-a2a7-cb31e9bfe340	a5d71638-8246-41e4-a364-7c3625e3eae7	06000705	2026-05-28	3.90	0	0.00	1	3.90	0.0000	\N	\N	erp_sync	\N	2026-06-08 09:54:45.178825+00	2026-06-15 09:33:32.807268+00
8479e722-64d4-4cd9-b05d-0701ccee5ea3	91b6bc98-4feb-4e90-a2a7-cb31e9bfe340	9ddc84c3-c4fe-4227-805d-aa48577d41df	06000730	2026-05-28	6.50	1	6.50	3	18.29	1.9500	\N	\N	erp_sync	\N	2026-06-08 09:54:45.179114+00	2026-06-15 09:33:32.807268+00
4e2f5678-f329-44ec-8d77-c7cdfcbfde7a	91b6bc98-4feb-4e90-a2a7-cb31e9bfe340	95f8f6b4-4eb7-403e-b463-faa0b3532747	06000753	2026-05-28	5.50	8	44.00	18	97.93	13.2000	\N	\N	erp_sync	\N	2026-06-08 09:54:45.179438+00	2026-06-15 09:33:32.807268+00
faa74be0-daa2-4521-82ff-ac8190b06313	91b6bc98-4feb-4e90-a2a7-cb31e9bfe340	3a62d27a-7662-4d55-bb62-192619819edf	06000796	2026-05-28	6.00	5	30.00	6	36.00	9.0000	\N	\N	erp_sync	\N	2026-06-08 09:54:45.179764+00	2026-06-15 09:33:32.807268+00
7d741858-0470-463f-a4fa-6e152b270fe4	91b6bc98-4feb-4e90-a2a7-cb31e9bfe340	2f0b272c-098f-496d-90e1-0beae9a6fa59	06000835	2026-05-28	5.00	1	5.00	2	10.00	1.5000	\N	\N	erp_sync	\N	2026-06-08 09:54:45.180047+00	2026-06-15 09:33:32.807268+00
d8c3e00d-0c5c-4602-9054-4cb7d60e5e67	91b6bc98-4feb-4e90-a2a7-cb31e9bfe340	2b718b5a-63e2-44de-a48c-93ec1e2e55f7	06000857	2026-05-28	9.90	1	9.90	3	29.70	2.9700	\N	\N	erp_sync	\N	2026-06-08 09:54:45.180355+00	2026-06-15 09:33:32.807268+00
d07aad73-0ff2-4650-8c9e-d55244d8cdc6	91b6bc98-4feb-4e90-a2a7-cb31e9bfe340	3f2a878a-a145-4bb2-92d6-68a2201b40fa	06000997	2026-05-28	4.90	0	0.00	4	19.60	0.0000	\N	\N	erp_sync	\N	2026-06-08 09:54:45.181115+00	2026-06-15 09:33:32.807268+00
b8fe8f38-d532-47c3-bd9e-8fad014e93de	91b6bc98-4feb-4e90-a2a7-cb31e9bfe340	a5934539-5f30-4b6e-a966-3268dcc60e76	06001041	2026-05-28	4.90	3	14.70	4	19.60	4.4100	\N	\N	erp_sync	\N	2026-06-08 09:54:45.181421+00	2026-06-15 09:33:32.807268+00
2a525377-7d65-4da2-bf88-d31a210bb219	91b6bc98-4feb-4e90-a2a7-cb31e9bfe340	69d243b4-c549-4010-9c18-2d9948afdeae	06001043	2026-05-28	2.62	0	0.00	4	10.48	0.0000	\N	\N	erp_sync	\N	2026-06-08 09:54:45.181741+00	2026-06-15 09:33:32.807268+00
8de1cff7-498a-4b33-b456-e2ba506097f5	91b6bc98-4feb-4e90-a2a7-cb31e9bfe340	102f0164-ae6c-4429-ac52-1f0475878bd1	06001067	2026-05-28	5.00	4	20.00	6	30.00	6.0000	\N	\N	erp_sync	\N	2026-06-08 09:54:45.182062+00	2026-06-15 09:33:32.807268+00
7e7e9614-686b-4d10-9da2-293c744123f8	91b6bc98-4feb-4e90-a2a7-cb31e9bfe340	8fa0bff6-28f8-4b19-a55c-6e47f2f64b3a	06001083	2026-05-28	4.50	2	9.00	2	9.00	2.7000	\N	\N	erp_sync	\N	2026-06-08 09:54:45.182373+00	2026-06-15 09:33:32.807268+00
0eb5e323-f573-47db-b5fb-8345b00c32be	91b6bc98-4feb-4e90-a2a7-cb31e9bfe340	6eca85dd-84b4-4acf-a99b-69ef8ecfa1f2	06001093	2026-05-28	3.90	9	35.10	12	46.45	10.5300	\N	\N	erp_sync	\N	2026-06-08 09:54:45.182678+00	2026-06-15 09:33:32.807268+00
c8c67c71-8369-48e6-96c0-e6f210862b80	91b6bc98-4feb-4e90-a2a7-cb31e9bfe340	148e2f4c-fcda-40ce-a404-681a1e6bf520	06001104	2026-05-28	4.90	2	9.80	7	33.43	2.9400	\N	\N	erp_sync	\N	2026-06-08 09:54:45.182979+00	2026-06-15 09:33:32.807268+00
222f2dba-22b8-4a1d-8021-910a98ae5849	91b6bc98-4feb-4e90-a2a7-cb31e9bfe340	bf58e2ef-fce9-439d-a6d0-09eb31ca9ecb	06001122	2026-05-28	5.00	2	10.00	3	15.00	3.0000	\N	\N	erp_sync	\N	2026-06-08 09:54:45.183285+00	2026-06-15 09:33:32.807268+00
52093c47-3968-4f6f-9622-6ce34351c322	91b6bc98-4feb-4e90-a2a7-cb31e9bfe340	8c845e56-68c8-4b09-85ba-6c7c46748785	06001357	2026-05-28	5.50	5	27.50	7	38.34	8.2500	\N	\N	erp_sync	\N	2026-06-08 09:54:45.183587+00	2026-06-15 09:33:32.807268+00
76fd0fe9-759e-4a36-a861-98c16420606d	91b6bc98-4feb-4e90-a2a7-cb31e9bfe340	95f56c98-2e72-4a80-ab60-b4c7cf3d891b	06001405	2026-05-28	3.90	1	3.90	1	3.90	1.1700	\N	\N	erp_sync	\N	2026-06-08 09:54:45.183877+00	2026-06-15 09:33:32.807268+00
40aca194-a92f-4d8e-b3b4-afce1e9964eb	91b6bc98-4feb-4e90-a2a7-cb31e9bfe340	12541b20-d83b-4692-889f-f72d3e6a8be9	06001441	2026-05-28	2.80	2	5.60	11	30.56	1.6800	\N	\N	erp_sync	\N	2026-06-08 09:54:45.184194+00	2026-06-15 09:33:32.807268+00
017ff4a9-26ab-467b-bbb0-e4af17d88a17	91b6bc98-4feb-4e90-a2a7-cb31e9bfe340	3444f983-b77a-4bde-934e-8a7f0922d975	06001500	2026-05-28	4.50	3	13.50	3	13.50	4.0500	\N	\N	erp_sync	\N	2026-06-08 09:54:45.184508+00	2026-06-15 09:33:32.807268+00
f6581601-ac13-4314-8403-c455ffc8fe42	91b6bc98-4feb-4e90-a2a7-cb31e9bfe340	6139ac71-8183-461f-89a7-a0093ecb61e3	06001516	2026-05-28	5.81	3	17.43	4	25.57	5.2200	\N	\N	erp_sync	\N	2026-06-08 09:54:45.184803+00	2026-06-15 09:33:32.807268+00
eb3215f1-b222-4eba-b3b4-08491318b7cd	91b6bc98-4feb-4e90-a2a7-cb31e9bfe340	3cd2c710-20e3-4cae-a70a-3ffd28548b30	06009075	2026-05-28	4.90	1	4.90	1	4.90	1.4700	\N	\N	erp_sync	\N	2026-06-08 09:54:45.185095+00	2026-06-15 09:33:32.807268+00
b617b04d-92a5-43e4-9bf7-8d4539805d63	91b6bc98-4feb-4e90-a2a7-cb31e9bfe340	95c27274-25c9-4e6f-8b26-1b05db56fa86	07002793	2026-05-28	4.52	15	67.80	27	128.30	10.8000	\N	\N	erp_sync	\N	2026-06-08 09:54:45.189821+00	2026-06-15 09:33:32.807268+00
0202cfd5-4dff-40d7-b6a0-1296b9c17dd9	91b6bc98-4feb-4e90-a2a7-cb31e9bfe340	82f02b05-4bcf-494d-b147-bb95d9c330f6	07307034	2026-05-28	11.50	0	0.00	1	11.50	0.0000	\N	\N	erp_sync	\N	2026-06-08 09:54:45.190129+00	2026-06-15 09:33:32.807268+00
d50b641d-e940-40ab-9785-fa556d0a96bb	91b6bc98-4feb-4e90-a2a7-cb31e9bfe340	d2384e85-ced6-4fa1-b05f-63cf79e2c120	07307041	2026-05-28	8.63	2	17.25	6	63.25	0.3200	\N	\N	erp_sync	\N	2026-06-08 09:54:45.190429+00	2026-06-15 09:33:32.807268+00
c07ae6e5-2090-4cef-9e41-0dda9e2a7916	91b6bc98-4feb-4e90-a2a7-cb31e9bfe340	97a6a244-b67d-426b-85d6-191d46ccbd4e	10040119	2026-05-28	7.90	1	7.90	2	15.80	2.3700	\N	\N	erp_sync	\N	2026-06-08 09:54:45.191666+00	2026-06-15 09:33:32.807268+00
2125f6c1-b3b7-494d-abc3-96965736b190	91b6bc98-4feb-4e90-a2a7-cb31e9bfe340	6dce3d5b-f47c-47cd-a175-9a3a3389ad8d	10170913	2026-05-28	5.90	5	29.49	9	53.49	8.8500	\N	\N	erp_sync	\N	2026-06-08 09:54:45.191959+00	2026-06-15 09:33:32.807268+00
6a1d8d34-c4ee-4cf6-862b-40a183a95986	91b6bc98-4feb-4e90-a2a7-cb31e9bfe340	6d2549b2-2232-4a43-90af-210e2d2f26e7	10180048	2026-05-28	6.00	4	24.00	15	89.80	7.2000	\N	\N	erp_sync	\N	2026-06-08 09:54:45.192248+00	2026-06-15 09:33:32.807268+00
ff5b7ae9-96b9-43c0-8339-825462d6e737	91b6bc98-4feb-4e90-a2a7-cb31e9bfe340	f35b966a-c2d3-4086-8de7-5004d7a6c355	10180608	2026-05-28	4.00	2	8.00	7	26.29	2.4000	\N	\N	erp_sync	\N	2026-06-08 09:54:45.192548+00	2026-06-15 09:33:32.807268+00
2ba0da43-bab9-4e26-96d4-2f4376bc998c	91b6bc98-4feb-4e90-a2a7-cb31e9bfe340	21f536c4-78fb-4923-86cb-996eddc3b3fd	10180618	2026-05-28	5.00	2	10.00	7	34.59	3.0000	\N	\N	erp_sync	\N	2026-06-08 09:54:45.192841+00	2026-06-15 09:33:32.807268+00
82df931f-67bd-4a4d-9add-049ccb8de83f	91b6bc98-4feb-4e90-a2a7-cb31e9bfe340	1ced8a76-501b-44d4-b840-1c0362605ee2	15011262	2026-05-28	3.75	2	7.50	3	12.50	0.2000	\N	\N	erp_sync	\N	2026-06-08 09:54:45.193623+00	2026-06-15 09:33:32.807268+00
7d1d1108-03bb-4f4d-990d-fd73f840fd9f	91b6bc98-4feb-4e90-a2a7-cb31e9bfe340	26cb9dcb-27c1-47d6-b878-78ff718b83b7	15020086	2026-05-28	7.82	17	133.00	44	380.00	7.9900	\N	\N	erp_sync	\N	2026-06-08 09:54:45.19391+00	2026-06-15 09:33:32.807268+00
f6370d48-c7ad-4d54-b008-b1600ca213e5	91b6bc98-4feb-4e90-a2a7-cb31e9bfe340	e6f77d75-5288-46f3-8034-0694f0d87b85	15020599	2026-05-28	5.48	37	202.70	77	427.20	25.1600	\N	\N	erp_sync	\N	2026-06-08 09:54:45.194198+00	2026-06-15 09:33:32.807268+00
3a5c83bf-2697-43b4-9ef1-f41b3c3f7599	91b6bc98-4feb-4e90-a2a7-cb31e9bfe340	c482792b-d8d0-410d-a04f-a664461a7aaf	15020611	2026-05-28	5.00	7	35.00	8	41.50	2.1000	\N	\N	erp_sync	\N	2026-06-08 09:54:45.194493+00	2026-06-15 09:33:32.807268+00
705849c1-673c-4803-97a4-ab75bfd67311	91b6bc98-4feb-4e90-a2a7-cb31e9bfe340	1f79a2ca-838e-47b0-b26b-47b8af66fa7c	15040367	2026-05-28	5.71	10	57.14	19	107.64	9.1000	\N	\N	erp_sync	\N	2026-06-08 09:54:45.195077+00	2026-06-15 09:33:32.807268+00
e4e60bc4-3213-472d-8481-2c154999b1fa	91b6bc98-4feb-4e90-a2a7-cb31e9bfe340	1d15c5c7-2e47-4e99-9f2a-a55bc473e53f	15040406	2026-05-28	4.41	7	30.88	18	85.33	-12.5300	\N	\N	erp_sync	\N	2026-06-08 09:54:45.195381+00	2026-06-15 09:33:32.807268+00
91098f02-44ec-4bb2-8da7-5b43dbbcecca	91b6bc98-4feb-4e90-a2a7-cb31e9bfe340	a8c7c45a-195f-4d96-8c3e-56603c4279bf	15040978	2026-05-28	9.87	2	19.73	6	49.83	6.8600	\N	\N	erp_sync	\N	2026-06-08 09:54:45.195973+00	2026-06-15 09:33:32.807268+00
397099a2-c605-4689-8ce9-1d49c7eaf096	91b6bc98-4feb-4e90-a2a7-cb31e9bfe340	58db432a-7df5-46f3-b91c-987cf9f507ad	15040992	2026-05-28	9.76	3	29.27	5	42.17	9.9600	\N	\N	erp_sync	\N	2026-06-08 09:54:45.196268+00	2026-06-15 09:33:32.807268+00
baefe9e0-17c2-4aa7-8c68-21d04a91e631	91b6bc98-4feb-4e90-a2a7-cb31e9bfe340	6c5c554d-86fa-4d4a-988b-9eda4282f2a4	15041203	2026-05-28	9.50	4	38.00	10	89.00	9.5200	\N	\N	erp_sync	\N	2026-06-08 09:54:45.196902+00	2026-06-15 09:33:32.807268+00
9713c50e-cb79-4ddf-a26e-7accfcc0dd10	91b6bc98-4feb-4e90-a2a7-cb31e9bfe340	30101bde-8b4a-4439-a36a-08f9b1535e28	15041289	2026-05-28	9.50	1	9.50	3	23.75	2.1500	\N	\N	erp_sync	\N	2026-06-08 09:54:45.197223+00	2026-06-15 09:33:32.807268+00
aa952fe1-6cdb-414a-a14b-d8f082c223a3	91b6bc98-4feb-4e90-a2a7-cb31e9bfe340	41f4c369-a3e1-4151-a33e-8b63a0051214	15061188	2026-05-28	4.95	20	99.00	54	273.57	-34.4000	\N	\N	erp_sync	\N	2026-06-08 09:54:45.198143+00	2026-06-15 09:33:32.807268+00
613a44c4-046d-422b-bf36-c3af81a6267b	91b6bc98-4feb-4e90-a2a7-cb31e9bfe340	ef6a4184-317e-4c55-81ed-7d39a152d838	15061206	2026-05-28	15.50	1	15.50	2	31.00	3.9000	\N	\N	erp_sync	\N	2026-06-08 09:54:45.198434+00	2026-06-15 09:33:32.807268+00
0c88e9ba-a8da-41b4-8c98-d56003a74a8e	91b6bc98-4feb-4e90-a2a7-cb31e9bfe340	9989f7a1-d9b6-414b-8f66-673f0fbae114	15061275	2026-05-28	12.80	4	51.20	8	102.40	14.3200	\N	\N	erp_sync	\N	2026-06-08 09:54:45.198725+00	2026-06-15 09:33:32.807268+00
35634b1a-6ddc-4ce2-ab09-bf9aaea55c5f	91b6bc98-4feb-4e90-a2a7-cb31e9bfe340	16c972f8-3269-48e7-bb1b-d8b028bd6365	15061276	2026-05-28	6.50	3	19.50	5	32.50	5.0700	\N	\N	erp_sync	\N	2026-06-08 09:54:45.19902+00	2026-06-15 09:33:32.807268+00
62182213-c107-48e7-8013-3c44a3069488	91b6bc98-4feb-4e90-a2a7-cb31e9bfe340	516b4333-ceea-404b-8a67-722219250b74	15061319	2026-05-28	10.50	1	10.50	3	29.90	3.0800	\N	\N	erp_sync	\N	2026-06-08 09:54:45.199623+00	2026-06-15 09:33:32.807268+00
16785a01-3182-4960-8b1d-95e3bcd9d407	91b6bc98-4feb-4e90-a2a7-cb31e9bfe340	ef00094f-27cc-4353-8b5f-f047bfedfdfa	15061421	2026-05-28	9.77	41	400.60	82	804.80	96.3500	\N	\N	erp_sync	\N	2026-06-08 09:54:45.199915+00	2026-06-15 09:33:32.807268+00
8baa3536-a6f0-48f9-aa88-137f5290ba19	91b6bc98-4feb-4e90-a2a7-cb31e9bfe340	18ceaf65-128d-492e-ba0c-1b7fcf4ff462	15061432	2026-05-28	4.48	16	71.66	54	252.36	12.4800	\N	\N	erp_sync	\N	2026-06-08 09:54:45.200217+00	2026-06-15 09:33:32.807268+00
7b56972d-f88e-4cfd-841e-ea3424aa5603	91b6bc98-4feb-4e90-a2a7-cb31e9bfe340	9be00ca5-96b5-41e1-a6fa-17c00622992c	15061438	2026-05-28	6.24	4	24.95	12	73.95	5.7600	\N	\N	erp_sync	\N	2026-06-08 09:54:45.20064+00	2026-06-15 09:33:32.807268+00
53d98221-315f-49ab-9d4b-50ddf7f7ecde	91b6bc98-4feb-4e90-a2a7-cb31e9bfe340	f372a716-4d30-48fe-ac08-c3f9b3d72202	15061494	2026-05-28	5.65	6	33.90	8	45.90	6.9000	\N	\N	erp_sync	\N	2026-06-08 09:54:45.200946+00	2026-06-15 09:33:32.807268+00
5cfd903a-24bc-4a50-8ed7-c335c252756c	91b6bc98-4feb-4e90-a2a7-cb31e9bfe340	0b0fdac1-955d-4d38-9f0d-704ccca6be6d	15061641	2026-05-28	4.95	10	49.50	17	93.90	-1.6000	\N	\N	erp_sync	\N	2026-06-08 09:54:45.201249+00	2026-06-15 09:33:32.807268+00
1240c6ff-68fe-4c80-b2e5-9d2418e22693	91b6bc98-4feb-4e90-a2a7-cb31e9bfe340	d21990ba-d8a9-44ba-884c-0ea8195552d7	15061819	2026-05-28	5.28	3	15.84	5	26.84	1.4400	\N	\N	erp_sync	\N	2026-06-08 09:54:45.201546+00	2026-06-15 09:33:32.807268+00
31187698-3b2c-4190-9f9f-d5f60ef27b21	91b6bc98-4feb-4e90-a2a7-cb31e9bfe340	02a4ec96-4401-4383-b31a-14fd7e3c8b09	15061847	2026-05-28	8.74	7	61.20	21	174.46	-9.6600	\N	\N	erp_sync	\N	2026-06-08 09:54:45.201846+00	2026-06-15 09:33:32.807268+00
7dd7dddd-0315-418b-aeab-8b5b4e491fcb	91b6bc98-4feb-4e90-a2a7-cb31e9bfe340	2bb00d2d-3fb1-4bc4-ac75-7c00e496d48c	15062045	2026-05-28	5.58	8	44.65	20	114.45	6.2400	\N	\N	erp_sync	\N	2026-06-08 09:54:45.202146+00	2026-06-15 09:33:32.807268+00
6ea0b854-9a39-4a91-a90b-ec9079488ba0	91b6bc98-4feb-4e90-a2a7-cb31e9bfe340	2ceb9712-95de-46db-9159-ba393ca35135	15062087	2026-05-28	9.90	2	19.80	19	148.50	5.3400	\N	\N	erp_sync	\N	2026-06-08 09:54:45.202475+00	2026-06-15 09:33:32.807268+00
a5b6d5f6-9a9b-4d33-9229-9a51ec72d4d6	91b6bc98-4feb-4e90-a2a7-cb31e9bfe340	4c9f118b-480b-48e1-a95d-8e04de07502b	15062101	2026-05-28	7.44	2	14.87	12	63.97	2.4800	\N	\N	erp_sync	\N	2026-06-08 09:54:45.202807+00	2026-06-15 09:33:32.807268+00
78c16127-eacd-4434-9585-a273d99481cc	91b6bc98-4feb-4e90-a2a7-cb31e9bfe340	7c17e3bb-84d2-46d3-8149-71b041cbe7ce	15062188	2026-05-28	8.29	9	74.62	27	222.82	7.8300	\N	\N	erp_sync	\N	2026-06-08 09:54:45.203103+00	2026-06-15 09:33:32.807268+00
3158209f-77e7-45e0-8715-4ead7d9ed4b9	91b6bc98-4feb-4e90-a2a7-cb31e9bfe340	403e5e68-005d-46b4-98b1-26510525ac20	15062229	2026-05-28	6.60	6	39.60	14	93.50	5.4600	\N	\N	erp_sync	\N	2026-06-08 09:54:45.203412+00	2026-06-15 09:33:32.807268+00
3bd25f1e-89e1-453c-870d-10463334a684	91b6bc98-4feb-4e90-a2a7-cb31e9bfe340	a7a713d9-ed0b-4b20-9170-6cfe44fca291	15062230	2026-05-28	6.00	8	48.00	11	69.50	2.4800	\N	\N	erp_sync	\N	2026-06-08 09:54:45.203727+00	2026-06-15 09:33:32.807268+00
35d1b6fe-c8da-4716-aba9-c1104c3c6680	91b6bc98-4feb-4e90-a2a7-cb31e9bfe340	3fdb5a55-9148-4911-a32d-bbb7eea622b5	15062253	2026-05-28	9.50	1	9.50	2	16.62	2.1500	\N	\N	erp_sync	\N	2026-06-08 09:54:45.204035+00	2026-06-15 09:33:32.807268+00
384d463b-4877-4639-bb2f-810cd065392c	91b6bc98-4feb-4e90-a2a7-cb31e9bfe340	d49ec0a4-fffe-44f1-927c-1a466e6d1233	15062265	2026-05-28	12.07	15	181.06	29	365.16	-16.5000	\N	\N	erp_sync	\N	2026-06-08 09:54:45.204329+00	2026-06-15 09:33:32.807268+00
36dbf86b-f532-4a65-b57b-06be64e22473	91b6bc98-4feb-4e90-a2a7-cb31e9bfe340	7328827a-e812-4426-b59a-dfb0f9645199	15062282	2026-05-28	8.60	1	8.60	2	17.20	2.1600	\N	\N	erp_sync	\N	2026-06-08 09:54:45.204826+00	2026-06-15 09:33:32.807268+00
18c193dd-6cb5-4b70-9fbd-4e97d8b9e63f	91b6bc98-4feb-4e90-a2a7-cb31e9bfe340	a44bbede-c89e-462c-8c80-93236365a993	15062441	2026-05-28	6.12	10	61.20	14	84.70	4.3000	\N	\N	erp_sync	\N	2026-06-08 09:54:45.206081+00	2026-06-15 09:33:32.807268+00
047d8ac5-f697-46d4-b6d9-63fdde153a95	91b6bc98-4feb-4e90-a2a7-cb31e9bfe340	01082f51-f325-4251-87ed-076c73ca241e	15062513	2026-05-28	6.28	5	31.40	12	72.60	-1.1500	\N	\N	erp_sync	\N	2026-06-08 09:54:45.206385+00	2026-06-15 09:33:32.807268+00
f42aa789-49de-4fd8-80de-c4aed9ade701	91b6bc98-4feb-4e90-a2a7-cb31e9bfe340	9991ee51-201f-49a6-be9e-dc508f20fc44	15062515	2026-05-28	6.05	12	72.60	30	176.60	-5.5200	\N	\N	erp_sync	\N	2026-06-08 09:54:45.206666+00	2026-06-15 09:33:32.807268+00
c6e45676-1590-4f90-ba8b-e9c9e8b120c5	91b6bc98-4feb-4e90-a2a7-cb31e9bfe340	8b082873-ef31-49ba-8d15-fc1c83bf1bcf	15062561	2026-05-28	5.49	9	49.44	20	114.34	8.0100	\N	\N	erp_sync	\N	2026-06-08 09:54:45.206946+00	2026-06-15 09:33:32.807268+00
3c91406f-104b-45b1-aed8-d5e1013251d4	91b6bc98-4feb-4e90-a2a7-cb31e9bfe340	cc8723db-dd8e-44f3-9095-3d5e597e07dd	15062584	2026-05-28	7.52	12	90.25	21	166.25	5.8800	\N	\N	erp_sync	\N	2026-06-08 09:54:45.207264+00	2026-06-15 09:33:32.807268+00
cce481b6-a4ac-42d4-8c91-289a4ef3fc8c	91b6bc98-4feb-4e90-a2a7-cb31e9bfe340	610cdcbc-6f44-4a4f-9480-de23eb5ce10c	15062651	2026-05-28	13.70	0	0.00	5	68.50	0.0000	\N	\N	erp_sync	\N	2026-06-08 09:54:45.207573+00	2026-06-15 09:33:32.807268+00
f8962244-9e04-4681-858a-dc5553ba463f	91b6bc98-4feb-4e90-a2a7-cb31e9bfe340	96916520-bf17-4e10-a835-0744a458771f	15062669	2026-05-28	5.13	22	112.88	34	175.78	-0.2200	\N	\N	erp_sync	\N	2026-06-08 09:54:45.208202+00	2026-06-15 09:33:32.807268+00
07e4013e-eaf2-4773-aba4-8321692c4b11	91b6bc98-4feb-4e90-a2a7-cb31e9bfe340	c93539a1-6bd7-4238-9de9-a1b853e37cca	15062746	2026-05-28	8.59	10	85.91	10	85.91	12.7000	\N	\N	erp_sync	\N	2026-06-08 09:54:45.209115+00	2026-06-15 09:33:32.807268+00
4c4e1502-f690-4e9b-9421-468b1a312793	91b6bc98-4feb-4e90-a2a7-cb31e9bfe340	349a4d03-7e84-4e7b-9fc2-2ec59d2eb5a7	15062818	2026-05-28	6.90	14	96.60	28	191.96	21.2800	\N	\N	erp_sync	\N	2026-06-08 09:54:45.209875+00	2026-06-15 09:33:32.807268+00
e479bbe5-4abd-4581-be63-ddb1093995a1	91b6bc98-4feb-4e90-a2a7-cb31e9bfe340	3a78b9f8-648b-4e7b-b8be-81d201df7030	15801616	2026-05-28	3.64	18	65.49	42	144.69	7.0200	\N	\N	erp_sync	\N	2026-06-08 09:54:45.210165+00	2026-06-15 09:33:32.807268+00
a5fc92fd-f8f4-4cf9-a55b-f7ed54ab8c62	91b6bc98-4feb-4e90-a2a7-cb31e9bfe340	8198db60-a8fb-4a03-a3fb-2b34c4a99ce5	15801623	2026-05-28	3.28	22	72.20	49	167.45	0.0000	\N	\N	erp_sync	\N	2026-06-08 09:54:45.21046+00	2026-06-15 09:33:32.807268+00
f69fd8a6-599b-4cf3-a9cf-15e39bd10f38	91b6bc98-4feb-4e90-a2a7-cb31e9bfe340	f556f3a7-5372-4a89-a27a-549e83f2c2da	15810372	2026-05-28	8.90	0	0.00	2	17.80	0.0000	\N	\N	erp_sync	\N	2026-06-08 09:54:45.210753+00	2026-06-15 09:33:32.807268+00
1b466515-ec5d-45a7-aa9f-df6902bb6415	91b6bc98-4feb-4e90-a2a7-cb31e9bfe340	cef81128-8e72-4ec6-b770-513668b8346d	15810735	2026-05-28	8.39	7	58.71	28	261.01	-14.2100	\N	\N	erp_sync	\N	2026-06-08 09:54:45.211042+00	2026-06-15 09:33:32.807268+00
23fc0664-289a-4009-84ba-417e80f27b13	91b6bc98-4feb-4e90-a2a7-cb31e9bfe340	e6530089-2d5c-4f53-a130-29285493f07c	15810975	2026-05-28	10.49	30	314.75	47	506.35	6.3000	\N	\N	erp_sync	\N	2026-06-08 09:54:45.211342+00	2026-06-15 09:33:32.807268+00
bf5b950e-3664-4b9c-9874-a7a76daeb40a	91b6bc98-4feb-4e90-a2a7-cb31e9bfe340	6acb3694-7dcc-4a58-82d1-635eb7e64081	15811085	2026-05-28	6.26	11	68.90	29	184.10	-3.5200	\N	\N	erp_sync	\N	2026-06-08 09:54:45.211628+00	2026-06-15 09:33:32.807268+00
516e65c7-466f-4896-800a-173b6b988d64	91b6bc98-4feb-4e90-a2a7-cb31e9bfe340	908bbea3-dbf4-41a3-8c97-4e9ce9744637	16939442	2026-05-28	6.80	2	13.59	2	13.59	4.0800	\N	\N	erp_sync	\N	2026-06-08 09:54:45.211938+00	2026-06-15 09:33:32.807268+00
ef57298f-8307-4a34-9d2f-4439681cfe20	91b6bc98-4feb-4e90-a2a7-cb31e9bfe340	1c70a5bb-21a0-45ab-9791-8eb730c40637	23061399	2026-05-28	8.50	1	8.50	6	33.25	2.3000	\N	\N	erp_sync	\N	2026-06-08 09:54:45.212236+00	2026-06-15 09:33:32.807268+00
f94c60fa-e431-4e6c-85b4-9954f855a6fd	91b6bc98-4feb-4e90-a2a7-cb31e9bfe340	4ff3d2ea-c845-4b76-b34b-28d503181914	80643401	2026-05-28	9.90	0	0.00	1	9.90	0.0000	\N	\N	erp_sync	\N	2026-06-08 09:54:45.212811+00	2026-06-15 09:33:32.807268+00
bf70af84-cf86-4d0f-8572-98b784ff4723	8113166a-a7d3-4a94-a4d9-9c1f38049250	df0f597d-94d3-4c37-8a66-9c6e06ee578b	03034078	2026-05-28	4.50	5	22.50	17	72.00	6.7500	\N	\N	erp_sync	\N	2026-06-08 09:54:45.246306+00	2026-06-15 09:33:32.807268+00
68d62c2c-bf3c-4c21-9689-1a441490deef	8113166a-a7d3-4a94-a4d9-9c1f38049250	d934a3c1-e972-4da4-b90d-60bf66429873	03034090	2026-05-28	3.50	1	3.50	10	32.50	1.0500	\N	\N	erp_sync	\N	2026-06-08 09:54:45.246601+00	2026-06-15 09:33:32.807268+00
506a27a5-2ee9-4ff6-b592-b57ac63c87be	8113166a-a7d3-4a94-a4d9-9c1f38049250	292a5399-1c87-40b7-9ba0-ff8aeaee2a67	03034091	2026-05-28	3.50	2	7.00	12	39.50	2.1000	\N	\N	erp_sync	\N	2026-06-08 09:54:45.246892+00	2026-06-15 09:33:32.807268+00
64a4985f-d5d4-4ad6-bcc0-5c318c123b03	8113166a-a7d3-4a94-a4d9-9c1f38049250	97daa51d-f764-4fa3-843f-6ac4d2a2aab4	03034097	2026-05-28	2.88	13	37.50	20	69.00	11.1800	\N	\N	erp_sync	\N	2026-06-08 09:54:45.247188+00	2026-06-15 09:33:32.807268+00
58bfedba-42cf-4377-84cf-cb00d78a5609	8113166a-a7d3-4a94-a4d9-9c1f38049250	603e8e83-93a4-48e6-868a-463041258c1b	03918654	2026-05-28	6.49	5	32.47	10	73.32	0.6000	\N	\N	erp_sync	\N	2026-06-08 09:54:45.247477+00	2026-06-15 09:33:32.807268+00
c62a71fa-0a25-442a-8203-ed13271d8335	8113166a-a7d3-4a94-a4d9-9c1f38049250	aaed5205-0b79-4812-826b-b473c1d59adf	06000053	2026-05-28	6.50	1	6.50	11	71.50	1.9500	\N	\N	erp_sync	\N	2026-06-08 09:54:45.247763+00	2026-06-15 09:33:32.807268+00
5728405d-f277-4e46-825a-7bdd6d72a695	8113166a-a7d3-4a94-a4d9-9c1f38049250	4ce8c077-6df0-4f06-9b0e-eb5cb0ee43a3	06000286	2026-05-28	3.00	4	12.00	14	42.00	3.6000	\N	\N	erp_sync	\N	2026-06-08 09:54:45.248386+00	2026-06-15 09:33:32.807268+00
38976fd3-fb12-41c1-805e-1d6e2d7a82e7	8113166a-a7d3-4a94-a4d9-9c1f38049250	35107002-4851-4ada-bd54-df3864cdad4a	06000296	2026-05-28	5.03	3	15.09	10	50.09	4.5300	\N	\N	erp_sync	\N	2026-06-08 09:54:45.248745+00	2026-06-15 09:33:32.807268+00
baf7bccd-625d-4721-ba08-f986a4cefd34	8113166a-a7d3-4a94-a4d9-9c1f38049250	99a0bbd9-67ea-4991-b234-028ddc4bce8c	06000303	2026-05-28	2.90	7	20.30	38	110.20	6.0900	\N	\N	erp_sync	\N	2026-06-08 09:54:45.249036+00	2026-06-15 09:33:32.807268+00
f83d78cf-fd2d-43ce-8c80-26a2272e8f49	8113166a-a7d3-4a94-a4d9-9c1f38049250	91ba7697-e08b-4ee2-8c83-47fa76f11a35	06000312	2026-05-28	4.60	3	13.80	21	96.60	4.1400	\N	\N	erp_sync	\N	2026-06-08 09:54:45.249402+00	2026-06-15 09:33:32.807268+00
1c000b13-05c9-49b0-a2eb-ec25d63d6373	8113166a-a7d3-4a94-a4d9-9c1f38049250	3f6ead78-acf5-489c-a073-6e5abb80c2ea	06000313	2026-05-28	3.90	22	85.80	53	206.70	25.7400	\N	\N	erp_sync	\N	2026-06-08 09:54:45.249689+00	2026-06-15 09:33:32.807268+00
94ea08c2-4b9b-44c6-a7e4-d6deb2622437	8113166a-a7d3-4a94-a4d9-9c1f38049250	dfb4ca1b-e4d8-4990-8694-0b35461dd0ae	06000365	2026-05-28	5.00	1	5.00	5	25.00	1.5000	\N	\N	erp_sync	\N	2026-06-08 09:54:45.249977+00	2026-06-15 09:33:32.807268+00
540ba822-6a2a-4cae-81ee-383d397f340c	8113166a-a7d3-4a94-a4d9-9c1f38049250	75bd86df-b14b-4a4e-804e-1f56492ef671	06000377	2026-05-28	4.50	2	9.00	12	52.91	2.7000	\N	\N	erp_sync	\N	2026-06-08 09:54:45.250278+00	2026-06-15 09:33:32.807268+00
b4a90771-1792-4369-9ab1-4a2a1480a164	8113166a-a7d3-4a94-a4d9-9c1f38049250	af556d0a-0146-4df4-9736-dab10bbb8276	06000491	2026-05-28	4.10	2	8.20	14	68.20	2.4600	\N	\N	erp_sync	\N	2026-06-08 09:54:45.251143+00	2026-06-15 09:33:32.807268+00
5f99d2e5-b26f-444f-ad7a-1886b987aa30	8113166a-a7d3-4a94-a4d9-9c1f38049250	47c3f9d6-d6bd-4d6e-a130-eeb235a94ca7	06000550	2026-05-28	5.50	0	0.00	3	16.50	0.0000	\N	\N	erp_sync	\N	2026-06-08 09:54:45.251734+00	2026-06-15 09:33:32.807268+00
70e6a307-1a91-4821-a2dc-2853b313055e	8113166a-a7d3-4a94-a4d9-9c1f38049250	7b4ed169-7e8b-4bde-bf58-0f3a5f0a425b	06000557	2026-05-28	5.00	9	45.00	35	175.00	13.5000	\N	\N	erp_sync	\N	2026-06-08 09:54:45.252024+00	2026-06-15 09:33:32.807268+00
9ea0bea7-237c-4ef9-92ae-d09269579a4f	8113166a-a7d3-4a94-a4d9-9c1f38049250	a5d71638-8246-41e4-a364-7c3625e3eae7	06000705	2026-05-28	3.90	7	27.30	28	109.20	8.1900	\N	\N	erp_sync	\N	2026-06-08 09:54:45.252329+00	2026-06-15 09:33:32.807268+00
0a74adc1-ebcc-4fec-8933-3ec3c3b2ba68	8113166a-a7d3-4a94-a4d9-9c1f38049250	9ddc84c3-c4fe-4227-805d-aa48577d41df	06000730	2026-05-28	6.50	1	6.50	4	26.00	1.9500	\N	\N	erp_sync	\N	2026-06-08 09:54:45.25263+00	2026-06-15 09:33:32.807268+00
f4d665be-7723-42cc-9102-7327df7d95c4	8113166a-a7d3-4a94-a4d9-9c1f38049250	95f8f6b4-4eb7-403e-b463-faa0b3532747	06000753	2026-05-28	5.35	10	53.49	34	185.49	16.0000	\N	\N	erp_sync	\N	2026-06-08 09:54:45.252917+00	2026-06-15 09:33:32.807268+00
4b188e28-7970-4294-9440-f874fd387447	8113166a-a7d3-4a94-a4d9-9c1f38049250	3a62d27a-7662-4d55-bb62-192619819edf	06000796	2026-05-28	6.00	2	12.00	10	60.00	3.6000	\N	\N	erp_sync	\N	2026-06-08 09:54:45.253379+00	2026-06-15 09:33:32.807268+00
ac2f93e5-b4a2-4c5e-adc6-0b0583dcea1e	8113166a-a7d3-4a94-a4d9-9c1f38049250	dd5e2287-22f0-4018-884f-b43c24a602e2	06000814	2026-05-28	5.50	5	27.50	9	49.50	8.2500	\N	\N	erp_sync	\N	2026-06-08 09:54:45.253677+00	2026-06-15 09:33:32.807268+00
31b564e0-755e-4f9d-89ae-9ab90d977bdf	8113166a-a7d3-4a94-a4d9-9c1f38049250	2f0b272c-098f-496d-90e1-0beae9a6fa59	06000835	2026-05-28	5.00	0	0.00	6	30.00	0.0000	\N	\N	erp_sync	\N	2026-06-08 09:54:45.253968+00	2026-06-15 09:33:32.807268+00
a4fac641-d05b-4c98-97ce-dc6592b6ab32	8113166a-a7d3-4a94-a4d9-9c1f38049250	2b718b5a-63e2-44de-a48c-93ec1e2e55f7	06000857	2026-05-28	9.90	0	0.00	1	9.90	0.0000	\N	\N	erp_sync	\N	2026-06-08 09:54:45.254587+00	2026-06-15 09:33:32.807268+00
31f68817-8144-434f-a9f0-e498886355a6	8113166a-a7d3-4a94-a4d9-9c1f38049250	5bef160a-70e9-4a76-abee-a192455d88dc	06000964	2026-05-28	3.00	14	42.00	14	42.00	12.6000	\N	\N	erp_sync	\N	2026-06-08 09:54:45.25491+00	2026-06-15 09:33:32.807268+00
a3d851c2-21b1-4a70-91d6-18afacdd3be0	8113166a-a7d3-4a94-a4d9-9c1f38049250	930f2e35-0cf1-455e-acde-5166de1ee71a	06000985	2026-05-28	4.73	5	23.67	18	88.67	7.1000	\N	\N	erp_sync	\N	2026-06-08 09:54:45.255239+00	2026-06-15 09:33:32.807268+00
1e8f0134-0af7-48c4-93e8-a75f5092076f	8113166a-a7d3-4a94-a4d9-9c1f38049250	3f2a878a-a145-4bb2-92d6-68a2201b40fa	06000997	2026-05-28	4.90	1	4.90	5	24.50	1.4700	\N	\N	erp_sync	\N	2026-06-08 09:54:45.255534+00	2026-06-15 09:33:32.807268+00
7f2e1b12-3782-49f4-ba3f-2f7b434b12e0	8113166a-a7d3-4a94-a4d9-9c1f38049250	b39cb172-f202-4b1c-bc98-738089f73a4f	06001032	2026-05-28	4.52	9	40.64	16	75.64	12.2400	\N	\N	erp_sync	\N	2026-06-08 09:54:45.255826+00	2026-06-15 09:33:32.807268+00
c7fd9041-211b-44f1-80fb-d89a06a4faa9	8113166a-a7d3-4a94-a4d9-9c1f38049250	14bb412c-e38b-4f31-827b-1ee2f174c539	06001038	2026-05-28	4.00	2	8.00	10	38.00	2.4000	\N	\N	erp_sync	\N	2026-06-08 09:54:45.256124+00	2026-06-15 09:33:32.807268+00
3b610bb9-038d-48e7-b816-999f13651283	8113166a-a7d3-4a94-a4d9-9c1f38049250	69d243b4-c549-4010-9c18-2d9948afdeae	06001043	2026-05-28	2.73	0	0.00	11	30.01	0.0000	\N	\N	erp_sync	\N	2026-06-08 09:54:45.256435+00	2026-06-15 09:33:32.807268+00
678a6392-6f32-4abd-a8b4-67b240620a10	8113166a-a7d3-4a94-a4d9-9c1f38049250	102f0164-ae6c-4429-ac52-1f0475878bd1	06001067	2026-05-28	5.00	4	20.00	11	53.16	6.0000	\N	\N	erp_sync	\N	2026-06-08 09:54:45.256749+00	2026-06-15 09:33:32.807268+00
05377e55-c780-42f6-8b93-f0778e7712c7	8113166a-a7d3-4a94-a4d9-9c1f38049250	6eca85dd-84b4-4acf-a99b-69ef8ecfa1f2	06001093	2026-05-28	4.00	19	76.00	33	132.00	22.8000	\N	\N	erp_sync	\N	2026-06-08 09:54:45.257054+00	2026-06-15 09:33:32.807268+00
653f7f0f-e3c4-40fd-8e42-74ca78a27cb3	8113166a-a7d3-4a94-a4d9-9c1f38049250	115e939d-a87f-4f76-93bc-327c25f0f36a	06001099	2026-05-28	3.90	11	42.89	32	126.89	12.8700	\N	\N	erp_sync	\N	2026-06-08 09:54:45.257353+00	2026-06-15 09:33:32.807268+00
38cc2aab-4e9d-4e1b-975f-d896751b3b0a	8113166a-a7d3-4a94-a4d9-9c1f38049250	266d3cad-2535-4632-8a88-b1d737bd7cbb	06001115	2026-05-28	4.90	2	9.80	3	14.70	2.9400	\N	\N	erp_sync	\N	2026-06-08 09:54:45.257956+00	2026-06-15 09:33:32.807268+00
e2f366f1-dc33-4261-b0e5-74fb2b0eea11	8113166a-a7d3-4a94-a4d9-9c1f38049250	bf58e2ef-fce9-439d-a6d0-09eb31ca9ecb	06001122	2026-05-28	5.00	0	0.00	7	35.00	0.0000	\N	\N	erp_sync	\N	2026-06-08 09:54:45.258254+00	2026-06-15 09:33:32.807268+00
b18da7ae-b1b2-4bca-9d82-2ab5fc396b6c	8113166a-a7d3-4a94-a4d9-9c1f38049250	3d7464e8-ef21-4b94-bc04-cc7357f590f8	06001136	2026-05-28	4.90	3	14.70	7	34.30	4.4100	\N	\N	erp_sync	\N	2026-06-08 09:54:45.258558+00	2026-06-15 09:33:32.807268+00
8047d9ed-565a-40b3-a219-a69b251eaf69	8113166a-a7d3-4a94-a4d9-9c1f38049250	12541b20-d83b-4692-889f-f72d3e6a8be9	06001441	2026-05-28	2.97	12	35.64	32	95.64	10.6800	\N	\N	erp_sync	\N	2026-06-08 09:54:45.258858+00	2026-06-15 09:33:32.807268+00
0554bdab-e437-43d8-b10e-8ce294b02b79	8113166a-a7d3-4a94-a4d9-9c1f38049250	386ce083-6966-42d9-b4db-3f698170f5d0	06001458	2026-05-28	1.50	1	1.50	13	19.50	0.4500	\N	\N	erp_sync	\N	2026-06-08 09:54:45.259172+00	2026-06-15 09:33:32.807268+00
da68fdae-f17d-46cb-ac33-b09cd741dec9	8113166a-a7d3-4a94-a4d9-9c1f38049250	afa7fe61-af05-4c41-96ec-ffc0d5941f0d	06001475	2026-05-28	4.90	4	19.60	7	34.30	5.8800	\N	\N	erp_sync	\N	2026-06-08 09:54:45.259833+00	2026-06-15 09:33:32.807268+00
ac836001-ccd5-4f4f-829a-34fa806b6c01	8113166a-a7d3-4a94-a4d9-9c1f38049250	dbdd29d3-9b58-43b2-b458-ea94accf4815	06001498	2026-05-28	9.90	1	9.90	1	9.90	2.9700	\N	\N	erp_sync	\N	2026-06-08 09:54:45.260573+00	2026-06-15 09:33:32.807268+00
9117bace-7e87-4a88-bde3-d7b672af8fd4	8113166a-a7d3-4a94-a4d9-9c1f38049250	6139ac71-8183-461f-89a7-a0093ecb61e3	06001516	2026-05-28	9.90	2	19.80	2	19.80	5.9400	\N	\N	erp_sync	\N	2026-06-08 09:54:45.260942+00	2026-06-15 09:33:32.807268+00
003dbce3-27c6-4617-a01b-a54fc2add749	8113166a-a7d3-4a94-a4d9-9c1f38049250	3cd2c710-20e3-4cae-a70a-3ffd28548b30	06009075	2026-05-28	4.90	16	78.40	34	166.60	23.5200	\N	\N	erp_sync	\N	2026-06-08 09:54:45.261286+00	2026-06-15 09:33:32.807268+00
858d4a9d-d2a6-43d6-b135-333c315415b7	8113166a-a7d3-4a94-a4d9-9c1f38049250	95c27274-25c9-4e6f-8b26-1b05db56fa86	07002793	2026-05-28	4.70	4	18.80	15	70.75	3.6000	\N	\N	erp_sync	\N	2026-06-08 09:54:45.265206+00	2026-06-15 09:33:32.807268+00
baf6ddb3-c9f1-4566-b02c-460dd755afc8	8113166a-a7d3-4a94-a4d9-9c1f38049250	82f02b05-4bcf-494d-b147-bb95d9c330f6	07307034	2026-05-28	9.58	3	28.75	10	91.98	3.3300	\N	\N	erp_sync	\N	2026-06-08 09:54:45.265523+00	2026-06-15 09:33:32.807268+00
3968b317-983c-410d-b85f-ac79adea6c8b	8113166a-a7d3-4a94-a4d9-9c1f38049250	d2384e85-ced6-4fa1-b05f-63cf79e2c120	07307041	2026-05-28	8.63	2	17.25	9	80.52	0.3200	\N	\N	erp_sync	\N	2026-06-08 09:54:45.265819+00	2026-06-15 09:33:32.807268+00
726fdcf3-d94a-4c5b-a0ab-35ce2a3edfb4	8113166a-a7d3-4a94-a4d9-9c1f38049250	1c727447-ee42-478f-90e4-1acd11ebb33c	10011485	2026-05-28	10.50	1	10.50	1	10.50	3.1500	\N	\N	erp_sync	\N	2026-06-08 09:54:45.266961+00	2026-06-15 09:33:32.807268+00
0083944f-48e1-401f-b8aa-685e0cf6bd41	8113166a-a7d3-4a94-a4d9-9c1f38049250	4ca810e9-f4e4-4cb9-830d-fb843bc5491d	10015582	2026-05-28	3.66	5	18.32	18	76.82	5.5000	\N	\N	erp_sync	\N	2026-06-08 09:54:45.267904+00	2026-06-15 09:33:32.807268+00
d146e56d-77e0-45e3-9d09-d78b5b40a9da	8113166a-a7d3-4a94-a4d9-9c1f38049250	315f2d43-14ea-4ec0-8cdd-582be9c28bf3	10089910	2026-05-28	10.00	2	20.00	5	50.00	6.0000	\N	\N	erp_sync	\N	2026-06-08 09:54:45.268214+00	2026-06-15 09:33:32.807268+00
a3e8e064-e3ae-432d-812d-71df86ed793c	8113166a-a7d3-4a94-a4d9-9c1f38049250	6dce3d5b-f47c-47cd-a175-9a3a3389ad8d	10170913	2026-05-28	6.00	6	36.00	9	51.00	10.8000	\N	\N	erp_sync	\N	2026-06-08 09:54:45.268519+00	2026-06-15 09:33:32.807268+00
8fb0274d-3a42-4023-9293-2b1b8b362f44	8113166a-a7d3-4a94-a4d9-9c1f38049250	21f536c4-78fb-4923-86cb-996eddc3b3fd	10180618	2026-05-28	5.00	1	5.00	5	25.00	1.5000	\N	\N	erp_sync	\N	2026-06-08 09:54:45.268818+00	2026-06-15 09:33:32.807268+00
d7751dbf-58b8-4e97-9135-bd414461d9c5	8113166a-a7d3-4a94-a4d9-9c1f38049250	825fe563-68cc-4c24-912d-b328ce0c382b	10190265	2026-05-28	4.50	8	36.00	8	36.00	10.8000	\N	\N	erp_sync	\N	2026-06-08 09:54:45.269105+00	2026-06-15 09:33:32.807268+00
9d766504-f7f9-41c4-9215-56bf5d136556	8113166a-a7d3-4a94-a4d9-9c1f38049250	26cb9dcb-27c1-47d6-b878-78ff718b83b7	15020086	2026-05-28	7.53	6	45.20	15	115.56	1.0800	\N	\N	erp_sync	\N	2026-06-08 09:54:45.269426+00	2026-06-15 09:33:32.807268+00
1e4bf1b5-0426-445a-a09c-e6ae51987c3e	8113166a-a7d3-4a94-a4d9-9c1f38049250	e6f77d75-5288-46f3-8034-0694f0d87b85	15020599	2026-05-28	5.45	15	81.80	31	173.75	9.7500	\N	\N	erp_sync	\N	2026-06-08 09:54:45.269722+00	2026-06-15 09:33:32.807268+00
7204471e-e2ec-4c69-9ece-37e848e3e7f6	8113166a-a7d3-4a94-a4d9-9c1f38049250	c482792b-d8d0-410d-a04f-a664461a7aaf	15020611	2026-05-28	6.50	5	32.50	10	47.75	9.0000	\N	\N	erp_sync	\N	2026-06-08 09:54:45.270013+00	2026-06-15 09:33:32.807268+00
59373645-b6af-406f-a54f-6f9e076298fe	8113166a-a7d3-4a94-a4d9-9c1f38049250	af3d29a0-f52a-4caa-b66b-8820c4fafa2b	15029808	2026-05-28	4.01	3	12.03	9	51.66	-8.4300	\N	\N	erp_sync	\N	2026-06-08 09:54:45.270615+00	2026-06-15 09:33:32.807268+00
502542e6-9236-425a-a940-b17004240216	8113166a-a7d3-4a94-a4d9-9c1f38049250	1f79a2ca-838e-47b0-b26b-47b8af66fa7c	15040367	2026-05-28	5.37	18	96.72	38	209.07	10.2600	\N	\N	erp_sync	\N	2026-06-08 09:54:45.271496+00	2026-06-15 09:33:32.807268+00
55e8b4f4-7aa5-426b-bb12-7e1b860ef078	8113166a-a7d3-4a94-a4d9-9c1f38049250	1d15c5c7-2e47-4e99-9f2a-a55bc473e53f	15040406	2026-05-28	5.69	6	34.15	16	101.00	-3.0600	\N	\N	erp_sync	\N	2026-06-08 09:54:45.27195+00	2026-06-15 09:33:32.807268+00
b12aa84e-1f45-462e-98f9-4d4bd8c2a77e	8113166a-a7d3-4a94-a4d9-9c1f38049250	a8c7c45a-195f-4d96-8c3e-56603c4279bf	15040978	2026-05-28	7.82	10	78.17	23	179.16	13.8000	\N	\N	erp_sync	\N	2026-06-08 09:54:45.272595+00	2026-06-15 09:33:32.807268+00
9c366aaf-f8a3-48c2-b94b-c51e60a4852d	8113166a-a7d3-4a94-a4d9-9c1f38049250	58db432a-7df5-46f3-b91c-987cf9f507ad	15040992	2026-05-28	7.79	8	62.35	21	150.50	10.8000	\N	\N	erp_sync	\N	2026-06-08 09:54:45.272895+00	2026-06-15 09:33:32.807268+00
cc6279c2-1435-414d-8f8d-904926e0417b	8113166a-a7d3-4a94-a4d9-9c1f38049250	6c5c554d-86fa-4d4a-988b-9eda4282f2a4	15041203	2026-05-28	9.50	1	9.50	13	121.50	2.3800	\N	\N	erp_sync	\N	2026-06-08 09:54:45.273529+00	2026-06-15 09:33:32.807268+00
5c043d3a-cf35-4b2b-8e8b-edd0ac629288	8113166a-a7d3-4a94-a4d9-9c1f38049250	30101bde-8b4a-4439-a36a-08f9b1535e28	15041289	2026-05-28	7.16	3	21.47	14	96.71	-0.5700	\N	\N	erp_sync	\N	2026-06-08 09:54:45.273841+00	2026-06-15 09:33:32.807268+00
9750735b-f687-4031-b9f8-18ed0df3d927	8113166a-a7d3-4a94-a4d9-9c1f38049250	41f4c369-a3e1-4151-a33e-8b63a0051214	15061188	2026-05-28	5.94	16	95.00	46	267.20	-11.6800	\N	\N	erp_sync	\N	2026-06-08 09:54:45.275355+00	2026-06-15 09:33:32.807268+00
786e1c8f-d817-449d-9d37-b9364b54592e	8113166a-a7d3-4a94-a4d9-9c1f38049250	ef6a4184-317e-4c55-81ed-7d39a152d838	15061206	2026-05-28	10.04	0	0.00	10	100.40	0.0000	\N	\N	erp_sync	\N	2026-06-08 09:54:45.275686+00	2026-06-15 09:33:32.807268+00
9e4e0453-b89b-4629-9bfb-9c23a5431e0c	8113166a-a7d3-4a94-a4d9-9c1f38049250	9989f7a1-d9b6-414b-8f66-673f0fbae114	15061275	2026-05-28	12.80	10	128.00	15	192.00	35.8000	\N	\N	erp_sync	\N	2026-06-08 09:54:45.275982+00	2026-06-15 09:33:32.807268+00
fa46293c-8b76-4f34-9c35-699593a91bea	8113166a-a7d3-4a94-a4d9-9c1f38049250	16c972f8-3269-48e7-bb1b-d8b028bd6365	15061276	2026-05-28	6.50	0	0.00	5	32.50	0.0000	\N	\N	erp_sync	\N	2026-06-08 09:54:45.276276+00	2026-06-15 09:33:32.807268+00
063574ec-0816-43d7-868f-242c9c58c2b2	8113166a-a7d3-4a94-a4d9-9c1f38049250	516b4333-ceea-404b-8a67-722219250b74	15061319	2026-05-28	9.48	0	0.00	2	18.95	0.0000	\N	\N	erp_sync	\N	2026-06-08 09:54:45.276925+00	2026-06-15 09:33:32.807268+00
5c30c6a3-855a-4400-8a63-ac6d1c732b87	8113166a-a7d3-4a94-a4d9-9c1f38049250	ef00094f-27cc-4353-8b5f-f047bfedfdfa	15061421	2026-05-28	9.16	38	347.98	69	652.08	66.1200	\N	\N	erp_sync	\N	2026-06-08 09:54:45.277294+00	2026-06-15 09:33:32.807268+00
78486df2-b09b-4c4a-89cd-6e5e7dfaa1b8	8113166a-a7d3-4a94-a4d9-9c1f38049250	18ceaf65-128d-492e-ba0c-1b7fcf4ff462	15061432	2026-05-28	4.08	26	106.15	81	375.92	9.8800	\N	\N	erp_sync	\N	2026-06-08 09:54:45.277776+00	2026-06-15 09:33:32.807268+00
9eece16e-be21-4bda-bded-a5fceca218ab	8113166a-a7d3-4a94-a4d9-9c1f38049250	9be00ca5-96b5-41e1-a6fa-17c00622992c	15061438	2026-05-28	5.00	4	19.98	20	123.98	0.8000	\N	\N	erp_sync	\N	2026-06-08 09:54:45.278086+00	2026-06-15 09:33:32.807268+00
14beee79-58c0-4fe6-a262-ea5728593b52	8113166a-a7d3-4a94-a4d9-9c1f38049250	c9c9c61c-e535-4cc8-b968-ce3d73aa6d41	15061445	2026-05-28	6.26	6	37.55	10	55.66	4.7400	\N	\N	erp_sync	\N	2026-06-08 09:54:45.278443+00	2026-06-15 09:33:32.807268+00
20c29f34-2fb6-45f8-9d60-2efcb4e33523	8113166a-a7d3-4a94-a4d9-9c1f38049250	f372a716-4d30-48fe-ac08-c3f9b3d72202	15061494	2026-05-28	5.65	6	33.90	12	72.33	6.9000	\N	\N	erp_sync	\N	2026-06-08 09:54:45.279075+00	2026-06-15 09:33:32.807268+00
1b817618-8e27-4da5-8174-f695d749040a	8113166a-a7d3-4a94-a4d9-9c1f38049250	6e654c7e-de20-4ff8-a2f7-b552ea0f90f5	15061500	2026-05-28	9.50	3	28.50	12	88.41	6.4500	\N	\N	erp_sync	\N	2026-06-08 09:54:45.279385+00	2026-06-15 09:33:32.807268+00
b52ebc8e-45ef-421c-9527-db99bd5b1267	8113166a-a7d3-4a94-a4d9-9c1f38049250	0b0fdac1-955d-4d38-9f0d-704ccca6be6d	15061641	2026-05-28	5.34	10	53.40	41	247.80	2.3000	\N	\N	erp_sync	\N	2026-06-08 09:54:45.279684+00	2026-06-15 09:33:32.807268+00
f19b2a07-1921-4baa-8230-e88a50c69717	8113166a-a7d3-4a94-a4d9-9c1f38049250	d21990ba-d8a9-44ba-884c-0ea8195552d7	15061819	2026-05-28	5.77	8	46.14	14	80.04	7.7600	\N	\N	erp_sync	\N	2026-06-08 09:54:45.279981+00	2026-06-15 09:33:32.807268+00
fb500630-5d95-4259-a03e-2e1a1da1d910	8113166a-a7d3-4a94-a4d9-9c1f38049250	02a4ec96-4401-4383-b31a-14fd7e3c8b09	15061847	2026-05-28	13.50	6	81.00	8	108.00	20.2800	\N	\N	erp_sync	\N	2026-06-08 09:54:45.280296+00	2026-06-15 09:33:32.807268+00
f6b93ff6-197d-4929-8496-a90175d0b8a8	8113166a-a7d3-4a94-a4d9-9c1f38049250	2bb00d2d-3fb1-4bc4-ac75-7c00e496d48c	15062045	2026-05-28	5.78	16	92.45	21	120.95	15.6800	\N	\N	erp_sync	\N	2026-06-08 09:54:45.280673+00	2026-06-15 09:33:32.807268+00
5ac75305-a255-4e05-b030-90abd880cd27	8113166a-a7d3-4a94-a4d9-9c1f38049250	2ceb9712-95de-46db-9159-ba393ca35135	15062087	2026-05-28	8.66	0	0.00	4	34.65	0.0000	\N	\N	erp_sync	\N	2026-06-08 09:54:45.281106+00	2026-06-15 09:33:32.807268+00
abf78dea-7f95-442a-8772-0ecf9e63b30c	8113166a-a7d3-4a94-a4d9-9c1f38049250	4c9f118b-480b-48e1-a95d-8e04de07502b	15062101	2026-05-28	6.09	4	24.37	8	47.52	-0.4400	\N	\N	erp_sync	\N	2026-06-08 09:54:45.281534+00	2026-06-15 09:33:32.807268+00
45a27044-d2e5-4bf3-962a-83bb4fbdf0de	8113166a-a7d3-4a94-a4d9-9c1f38049250	9f23f2e9-f2b1-4830-9da1-08a810a4e368	15062180	2026-05-28	15.80	5	79.00	21	255.75	21.5000	\N	\N	erp_sync	\N	2026-06-08 09:54:45.281991+00	2026-06-15 09:33:32.807268+00
393b5cdc-cb32-4f19-990d-02a820284bda	8113166a-a7d3-4a94-a4d9-9c1f38049250	7c17e3bb-84d2-46d3-8149-71b041cbe7ce	15062188	2026-05-28	8.11	10	81.10	26	221.50	6.9000	\N	\N	erp_sync	\N	2026-06-08 09:54:45.282558+00	2026-06-15 09:33:32.807268+00
ce1215e2-c510-48cf-8d02-efd798cdf5fe	8113166a-a7d3-4a94-a4d9-9c1f38049250	403e5e68-005d-46b4-98b1-26510525ac20	15062229	2026-05-28	6.20	3	18.60	5	34.20	1.5300	\N	\N	erp_sync	\N	2026-06-08 09:54:45.283093+00	2026-06-15 09:33:32.807268+00
540be532-a44b-4658-b8ef-e9d002a73a70	8113166a-a7d3-4a94-a4d9-9c1f38049250	a7a713d9-ed0b-4b20-9170-6cfe44fca291	15062230	2026-05-28	6.60	2	13.20	3	21.00	1.8200	\N	\N	erp_sync	\N	2026-06-08 09:54:45.283576+00	2026-06-15 09:33:32.807268+00
839a530b-7f70-48d1-ab7d-19a9024ec001	8113166a-a7d3-4a94-a4d9-9c1f38049250	3fdb5a55-9148-4911-a32d-bbb7eea622b5	15062253	2026-05-28	7.12	4	28.49	21	168.54	-0.9200	\N	\N	erp_sync	\N	2026-06-08 09:54:45.285188+00	2026-06-15 09:33:32.807268+00
bf5ed7fe-199d-4d1f-8bd0-b1d19f978dd4	8113166a-a7d3-4a94-a4d9-9c1f38049250	d49ec0a4-fffe-44f1-927c-1a466e6d1233	15062265	2026-05-28	9.70	10	97.00	47	502.80	-34.7000	\N	\N	erp_sync	\N	2026-06-08 09:54:45.285813+00	2026-06-15 09:33:32.807268+00
4e29f5f5-bcbf-4e46-bbe4-e362b5581667	8113166a-a7d3-4a94-a4d9-9c1f38049250	7328827a-e812-4426-b59a-dfb0f9645199	15062282	2026-05-28	7.32	2	14.64	11	74.78	1.7600	\N	\N	erp_sync	\N	2026-06-08 09:54:45.286351+00	2026-06-15 09:33:32.807268+00
289b85a6-be67-41d6-b3c4-01d35afe2c7b	8113166a-a7d3-4a94-a4d9-9c1f38049250	a44bbede-c89e-462c-8c80-93236365a993	15062441	2026-05-28	5.40	1	5.40	2	13.20	-0.2900	\N	\N	erp_sync	\N	2026-06-08 09:54:45.289077+00	2026-06-15 09:33:32.807268+00
bc48ca7c-7433-4d7a-aa9a-18007982f200	8113166a-a7d3-4a94-a4d9-9c1f38049250	01082f51-f325-4251-87ed-076c73ca241e	15062513	2026-05-28	5.40	1	5.40	5	33.80	-1.1100	\N	\N	erp_sync	\N	2026-06-08 09:54:45.290193+00	2026-06-15 09:33:32.807268+00
53aced34-0696-4680-b61e-b1a9026cc525	8113166a-a7d3-4a94-a4d9-9c1f38049250	fded75c8-e06d-4a00-9042-f01a8d567873	15062514	2026-05-28	6.53	3	19.60	9	52.00	0.0600	\N	\N	erp_sync	\N	2026-06-08 09:54:45.291219+00	2026-06-15 09:33:32.807268+00
12f0fdcc-c3a4-4e72-a449-61ded9d69944	8113166a-a7d3-4a94-a4d9-9c1f38049250	9991ee51-201f-49a6-be9e-dc508f20fc44	15062515	2026-05-28	6.80	3	20.40	16	100.80	0.8700	\N	\N	erp_sync	\N	2026-06-08 09:54:45.293564+00	2026-06-15 09:33:32.807268+00
7bb32722-b51c-4253-a6bb-fa5a65946ad2	8113166a-a7d3-4a94-a4d9-9c1f38049250	8b082873-ef31-49ba-8d15-fc1c83bf1bcf	15062561	2026-05-28	5.73	30	172.00	53	302.95	33.9000	\N	\N	erp_sync	\N	2026-06-08 09:54:45.294735+00	2026-06-15 09:33:32.807268+00
7cf1b003-673f-4a43-ae2d-f5fd203c5b82	8113166a-a7d3-4a94-a4d9-9c1f38049250	cc8723db-dd8e-44f3-9095-3d5e597e07dd	15062584	2026-05-28	8.31	4	33.25	12	99.75	5.1200	\N	\N	erp_sync	\N	2026-06-08 09:54:45.295952+00	2026-06-15 09:33:32.807268+00
9e89439c-7de9-44c7-8c06-0358a7acf5da	8113166a-a7d3-4a94-a4d9-9c1f38049250	610cdcbc-6f44-4a4f-9480-de23eb5ce10c	15062651	2026-05-28	14.90	2	29.80	5	70.50	7.7600	\N	\N	erp_sync	\N	2026-06-08 09:54:45.297102+00	2026-06-15 09:33:32.807268+00
91f4648b-2f05-4a48-8e7e-744e1e753acc	8113166a-a7d3-4a94-a4d9-9c1f38049250	96916520-bf17-4e10-a835-0744a458771f	15062669	2026-05-28	5.44	14	76.20	16	90.00	4.2000	\N	\N	erp_sync	\N	2026-06-08 09:54:45.299808+00	2026-06-15 09:33:32.807268+00
996435b1-321d-4d5d-bcd4-4c93d134ca26	8113166a-a7d3-4a94-a4d9-9c1f38049250	14f02014-6226-4cdc-9b43-b8ec3758bf78	15062681	2026-05-28	8.96	6	53.78	19	210.88	-21.2400	\N	\N	erp_sync	\N	2026-06-08 09:54:45.300396+00	2026-06-15 09:33:32.807268+00
2060183b-cc7d-4863-acf8-048b09b0d9f8	8113166a-a7d3-4a94-a4d9-9c1f38049250	c93539a1-6bd7-4238-9de9-a1b853e37cca	15062746	2026-05-28	6.79	11	74.64	18	137.94	-5.8300	\N	\N	erp_sync	\N	2026-06-08 09:54:45.302771+00	2026-06-15 09:33:32.807268+00
04b73106-fdbf-4597-9bc9-f837c6316f4a	8113166a-a7d3-4a94-a4d9-9c1f38049250	349a4d03-7e84-4e7b-9fc2-2ec59d2eb5a7	15062818	2026-05-28	6.85	13	89.08	23	158.08	19.1100	\N	\N	erp_sync	\N	2026-06-08 09:54:45.303931+00	2026-06-15 09:33:32.807268+00
ac59a2b8-bafb-43a9-b30b-5d8d2158f81a	8113166a-a7d3-4a94-a4d9-9c1f38049250	a05e87e5-2dbf-48ee-93ee-c460a9cb4ac2	15062908	2026-05-28	5.42	3	16.25	3	16.25	-0.3900	\N	\N	erp_sync	\N	2026-06-08 09:54:45.304288+00	2026-06-15 09:33:32.807268+00
6bcd6dfe-f401-459b-87d4-07dab61ba4e3	8113166a-a7d3-4a94-a4d9-9c1f38049250	288016ec-3141-4f01-80a0-2ac2abe2a283	15062909	2026-05-28	6.25	2	12.50	2	12.50	1.4000	\N	\N	erp_sync	\N	2026-06-08 09:54:45.304648+00	2026-06-15 09:33:32.807268+00
b0fe783b-c927-42ef-8ec7-0beca95a7be2	8113166a-a7d3-4a94-a4d9-9c1f38049250	3a78b9f8-648b-4e7b-b8be-81d201df7030	15801616	2026-05-28	2.62	1	2.62	20	63.30	-0.6300	\N	\N	erp_sync	\N	2026-06-08 09:54:45.304991+00	2026-06-15 09:33:32.807268+00
1e2aa95c-6531-412d-9d73-6b907638e386	8113166a-a7d3-4a94-a4d9-9c1f38049250	8198db60-a8fb-4a03-a3fb-2b34c4a99ce5	15801623	2026-05-28	3.62	10	36.21	28	89.93	3.4000	\N	\N	erp_sync	\N	2026-06-08 09:54:45.305418+00	2026-06-15 09:33:32.807268+00
facce76b-b33f-4252-8ce7-b08184b0963f	8113166a-a7d3-4a94-a4d9-9c1f38049250	8616a0ee-00ea-4123-87cb-6588a553fac5	15802903	2026-05-28	15.80	7	110.60	36	434.25	30.1000	\N	\N	erp_sync	\N	2026-06-08 09:54:45.305914+00	2026-06-15 09:33:32.807268+00
3500aa54-323f-4ad4-91f4-c3c8fc9bcaf4	8113166a-a7d3-4a94-a4d9-9c1f38049250	df293b9c-5a03-46bf-947d-06f2bed88212	15810371	2026-05-28	8.75	3	26.26	11	103.10	3.9900	\N	\N	erp_sync	\N	2026-06-08 09:54:45.306353+00	2026-06-15 09:33:32.807268+00
787dcf97-5c8a-4dd2-b2f7-06feced6b4f6	8113166a-a7d3-4a94-a4d9-9c1f38049250	f556f3a7-5372-4a89-a27a-549e83f2c2da	15810372	2026-05-28	8.75	3	26.24	6	50.49	3.9900	\N	\N	erp_sync	\N	2026-06-08 09:54:45.306695+00	2026-06-15 09:33:32.807268+00
87302241-b41f-43ce-bc11-bc82c90f2897	8113166a-a7d3-4a94-a4d9-9c1f38049250	cef81128-8e72-4ec6-b770-513668b8346d	15810735	2026-05-28	9.29	20	185.86	31	278.21	-22.6000	\N	\N	erp_sync	\N	2026-06-08 09:54:45.307018+00	2026-06-15 09:33:32.807268+00
8e5486e4-0113-4541-8017-293bc2bb73bf	8113166a-a7d3-4a94-a4d9-9c1f38049250	e6530089-2d5c-4f53-a130-29285493f07c	15810975	2026-05-28	13.90	5	69.50	14	180.70	18.1000	\N	\N	erp_sync	\N	2026-06-08 09:54:45.307501+00	2026-06-15 09:33:32.807268+00
1c3798e3-979b-457e-a7aa-491b032d0db3	8113166a-a7d3-4a94-a4d9-9c1f38049250	6acb3694-7dcc-4a58-82d1-635eb7e64081	15811085	2026-05-28	7.75	6	46.50	38	269.30	7.0200	\N	\N	erp_sync	\N	2026-06-08 09:54:45.307876+00	2026-06-15 09:33:32.807268+00
e1291fdd-2e09-4675-a0f0-a155f61938a2	8113166a-a7d3-4a94-a4d9-9c1f38049250	5f5f3447-0c89-4f72-a6e9-81a144d8a953	16939443	2026-05-28	7.90	1	7.90	1	7.90	2.3700	\N	\N	erp_sync	\N	2026-06-08 09:54:45.308331+00	2026-06-15 09:33:32.807268+00
fe7a6424-c2da-4b47-997a-a915909375ad	8113166a-a7d3-4a94-a4d9-9c1f38049250	1c70a5bb-21a0-45ab-9791-8eb730c40637	23061399	2026-05-28	4.39	2	8.77	10	48.17	-3.6200	\N	\N	erp_sync	\N	2026-06-08 09:54:45.308878+00	2026-06-15 09:33:32.807268+00
b2014fc3-32b3-4d92-8bfc-af956133d3f9	8113166a-a7d3-4a94-a4d9-9c1f38049250	4ff3d2ea-c845-4b76-b34b-28d503181914	80643401	2026-05-28	10.56	5	52.80	20	201.80	12.0500	\N	\N	erp_sync	\N	2026-06-08 09:54:45.309308+00	2026-06-15 09:33:32.807268+00
ac7395e9-b256-8e89-3879-72acbc13bf86	46950cd4-72c2-48ef-a546-e2ae20ced524	df0f597d-94d3-4c37-8a66-9c6e06ee578b	03034078	2026-06-11	4.50	0	0.00	2	9.00	0.0000	\N	\N	erp_sync	\N	2026-06-12 13:17:22.62454+00	2026-06-15 09:33:32.807268+00
5ca6fd4e-e99b-6fd9-5b12-fa79df051691	46950cd4-72c2-48ef-a546-e2ae20ced524	d934a3c1-e972-4da4-b90d-60bf66429873	03034090	2026-06-11	3.50	0	0.00	5	17.50	0.0000	\N	\N	erp_sync	\N	2026-06-12 13:17:22.62454+00	2026-06-15 09:33:32.807268+00
5bdf5045-c768-5c40-073f-66297c074a7b	46950cd4-72c2-48ef-a546-e2ae20ced524	40de5fde-7e85-48ee-8033-5bb9d5bed80f	03034092	2026-06-11	4.50	0	0.00	6	27.00	0.0000	\N	\N	erp_sync	\N	2026-06-12 13:17:22.62454+00	2026-06-15 09:33:32.807268+00
f0f30236-72e9-5923-f27f-3e8990257013	46950cd4-72c2-48ef-a546-e2ae20ced524	24164077-7745-49cf-ab78-5732e3d9d13a	03034093	2026-06-11	5.40	2	10.80	5	22.50	3.2400	\N	\N	erp_sync	\N	2026-06-12 13:17:22.62454+00	2026-06-15 09:33:32.807268+00
3ab8ecfa-327d-f3a7-2a2b-6346e79e38e5	46950cd4-72c2-48ef-a546-e2ae20ced524	603e8e83-93a4-48e6-868a-463041258c1b	03918654	2026-06-11	8.14	3	24.43	16	129.20	5.3100	\N	\N	erp_sync	\N	2026-06-12 13:17:22.62454+00	2026-06-15 09:33:32.807268+00
8686c4fa-927d-3d8c-97e4-d4f88fea6e00	46950cd4-72c2-48ef-a546-e2ae20ced524	aaed5205-0b79-4812-826b-b473c1d59adf	06000053	2026-06-11	8.10	1	8.10	6	38.18	2.4300	\N	\N	erp_sync	\N	2026-06-12 13:17:22.62454+00	2026-06-15 09:33:32.807268+00
45c64a45-238e-1afc-0c2c-6ac1c6e1a83b	46950cd4-72c2-48ef-a546-e2ae20ced524	4ce8c077-6df0-4f06-9b0e-eb5cb0ee43a3	06000286	2026-06-11	2.80	0	0.00	1	2.80	0.0000	\N	\N	erp_sync	\N	2026-06-12 13:17:22.62454+00	2026-06-15 09:33:32.807268+00
f39af807-25a4-5b6f-8ef9-3b18bfe1affc	46950cd4-72c2-48ef-a546-e2ae20ced524	35107002-4851-4ada-bd54-df3864cdad4a	06000296	2026-06-11	5.00	0	0.00	3	15.00	0.0000	\N	\N	erp_sync	\N	2026-06-12 13:17:22.62454+00	2026-06-15 09:33:32.807268+00
1bd08baf-ca39-ecef-3141-6dfaa75b8418	46950cd4-72c2-48ef-a546-e2ae20ced524	99a0bbd9-67ea-4991-b234-028ddc4bce8c	06000303	2026-06-11	2.82	1	2.82	15	42.82	0.8500	\N	\N	erp_sync	\N	2026-06-12 13:17:22.62454+00	2026-06-15 09:33:32.807268+00
e73d9d68-f5ef-60a8-6b14-979a582bc1de	46950cd4-72c2-48ef-a546-e2ae20ced524	91ba7697-e08b-4ee2-8c83-47fa76f11a35	06000312	2026-06-11	4.51	1	4.51	15	69.00	1.3500	\N	\N	erp_sync	\N	2026-06-12 13:17:22.62454+00	2026-06-15 09:33:32.807268+00
14039e9e-07fd-c166-c69c-3b4800ada93b	46950cd4-72c2-48ef-a546-e2ae20ced524	3f6ead78-acf5-489c-a073-6e5abb80c2ea	06000313	2026-06-11	3.90	0	0.00	3	11.70	0.0000	\N	\N	erp_sync	\N	2026-06-12 13:17:22.62454+00	2026-06-15 09:33:32.807268+00
03acf15c-1a5a-bf21-9acd-c772df8159a3	46950cd4-72c2-48ef-a546-e2ae20ced524	75bd86df-b14b-4a4e-804e-1f56492ef671	06000377	2026-06-11	3.40	2	6.79	3	13.50	2.0400	\N	\N	erp_sync	\N	2026-06-12 13:17:22.62454+00	2026-06-15 09:33:32.807268+00
7d4c00cc-a346-d100-dfe3-bfaabc3876de	46950cd4-72c2-48ef-a546-e2ae20ced524	af556d0a-0146-4df4-9736-dab10bbb8276	06000491	2026-06-11	4.45	8	35.62	12	57.07	10.6400	\N	\N	erp_sync	\N	2026-06-12 13:17:22.62454+00	2026-06-15 09:33:32.807268+00
dd9812be-d62c-4264-d543-7c8308962655	46950cd4-72c2-48ef-a546-e2ae20ced524	b80dfc02-e35d-4efd-b2af-9420344f9925	06000536	2026-06-11	4.90	0	0.00	2	9.80	0.0000	\N	\N	erp_sync	\N	2026-06-12 13:17:22.62454+00	2026-06-15 09:33:32.807268+00
19a60ff5-e268-934d-bd0f-20791141928c	46950cd4-72c2-48ef-a546-e2ae20ced524	ad2abb4d-f9ab-4817-934e-b37d309c8969	06000537	2026-06-11	6.00	1	6.00	2	9.80	1.8000	\N	\N	erp_sync	\N	2026-06-12 13:17:22.62454+00	2026-06-15 09:33:32.807268+00
f4b6800f-7907-73b6-9b9e-348dc7c9e199	46950cd4-72c2-48ef-a546-e2ae20ced524	47c3f9d6-d6bd-4d6e-a130-eeb235a94ca7	06000550	2026-06-11	4.89	2	9.77	5	27.50	2.9400	\N	\N	erp_sync	\N	2026-06-12 13:17:22.62454+00	2026-06-15 09:33:32.807268+00
11415a6e-6f60-f671-4c81-516cee728f8b	46950cd4-72c2-48ef-a546-e2ae20ced524	7b4ed169-7e8b-4bde-bf58-0f3a5f0a425b	06000557	2026-06-11	4.47	3	13.42	7	33.15	4.0200	\N	\N	erp_sync	\N	2026-06-12 13:17:22.62454+00	2026-06-15 09:33:32.807268+00
7054178f-1a7b-eb5d-6a24-252cb540e0b2	46950cd4-72c2-48ef-a546-e2ae20ced524	a5d71638-8246-41e4-a364-7c3625e3eae7	06000705	2026-06-11	2.79	2	5.57	9	34.44	1.6800	\N	\N	erp_sync	\N	2026-06-12 13:17:22.62454+00	2026-06-15 09:33:32.807268+00
bd8e274e-fd5d-ef82-4200-ade11c4f50c7	46950cd4-72c2-48ef-a546-e2ae20ced524	9ddc84c3-c4fe-4227-805d-aa48577d41df	06000730	2026-06-11	6.73	1	6.73	2	13.00	2.0200	\N	\N	erp_sync	\N	2026-06-12 13:17:22.62454+00	2026-06-15 09:33:32.807268+00
3ec27117-36e3-75a8-c88c-da6dc0c97e1a	46950cd4-72c2-48ef-a546-e2ae20ced524	95f8f6b4-4eb7-403e-b463-faa0b3532747	06000753	2026-06-11	5.90	2	11.80	10	54.39	3.5400	\N	\N	erp_sync	\N	2026-06-12 13:17:22.62454+00	2026-06-15 09:33:32.807268+00
a8ca2387-5569-4c63-bfc1-44545fa23889	46950cd4-72c2-48ef-a546-e2ae20ced524	3a62d27a-7662-4d55-bb62-192619819edf	06000796	2026-06-11	6.73	2	13.45	9	54.00	4.0400	\N	\N	erp_sync	\N	2026-06-12 13:17:22.62454+00	2026-06-15 09:33:32.807268+00
55e2ae37-0a85-35c4-a2fc-24b115593c0a	46950cd4-72c2-48ef-a546-e2ae20ced524	dd5e2287-22f0-4018-884f-b43c24a602e2	06000814	2026-06-11	4.84	6	29.04	9	46.50	8.7000	\N	\N	erp_sync	\N	2026-06-12 13:17:22.62454+00	2026-06-15 09:33:32.807268+00
da501b87-e212-f0e9-e7b7-079e81eb0a81	46950cd4-72c2-48ef-a546-e2ae20ced524	2f0b272c-098f-496d-90e1-0beae9a6fa59	06000835	2026-06-11	6.10	1	6.10	3	15.00	1.8300	\N	\N	erp_sync	\N	2026-06-12 13:17:22.62454+00	2026-06-15 09:33:32.807268+00
1f61d6d6-e89b-9c04-cc42-0c753020454c	46950cd4-72c2-48ef-a546-e2ae20ced524	409becba-ef49-40e2-8c64-e596be82e6fc	06000845	2026-06-11	5.05	1	5.05	2	7.00	1.5100	\N	\N	erp_sync	\N	2026-06-12 13:17:22.62454+00	2026-06-15 09:33:32.807268+00
51e45cfb-f861-6a98-7d12-870cdb89ba60	46950cd4-72c2-48ef-a546-e2ae20ced524	930f2e35-0cf1-455e-acde-5166de1ee71a	06000985	2026-06-11	4.83	2	9.66	4	20.00	2.9000	\N	\N	erp_sync	\N	2026-06-12 13:17:22.62454+00	2026-06-15 09:33:32.807268+00
4af9c5ff-4e60-be94-a6e6-0282c0411634	46950cd4-72c2-48ef-a546-e2ae20ced524	3f2a878a-a145-4bb2-92d6-68a2201b40fa	06000997	2026-06-11	4.90	0	0.00	1	4.90	0.0000	\N	\N	erp_sync	\N	2026-06-12 13:17:22.62454+00	2026-06-15 09:33:32.807268+00
0f595142-023d-c40e-a1fe-5c4d458f1036	46950cd4-72c2-48ef-a546-e2ae20ced524	17f6cf51-6cf1-408b-af73-9585eed4c4e3	06001017	2026-06-11	5.66	10	56.61	22	121.00	17.0000	\N	\N	erp_sync	\N	2026-06-12 13:17:22.62454+00	2026-06-15 09:33:32.807268+00
031d434d-061e-4169-3a3e-821662591f04	46950cd4-72c2-48ef-a546-e2ae20ced524	b39cb172-f202-4b1c-bc98-738089f73a4f	06001032	2026-06-11	5.29	7	37.05	18	88.44	11.1300	\N	\N	erp_sync	\N	2026-06-12 13:17:22.62454+00	2026-06-15 09:33:32.807268+00
4297d772-72f6-8f8f-0438-1b5bc70d0bcf	46950cd4-72c2-48ef-a546-e2ae20ced524	14bb412c-e38b-4f31-827b-1ee2f174c539	06001038	2026-06-11	3.80	0	0.00	8	30.40	0.0000	\N	\N	erp_sync	\N	2026-06-12 13:17:22.62454+00	2026-06-15 09:33:32.807268+00
58641f3a-c6ec-761c-46bd-b16c8d5d1f39	46950cd4-72c2-48ef-a546-e2ae20ced524	a5934539-5f30-4b6e-a966-3268dcc60e76	06001041	2026-06-11	4.90	0	0.00	5	24.50	0.0000	\N	\N	erp_sync	\N	2026-06-12 13:17:22.62454+00	2026-06-15 09:33:32.807268+00
019f72b4-7780-1caa-371c-1d72908b1e08	46950cd4-72c2-48ef-a546-e2ae20ced524	102f0164-ae6c-4429-ac52-1f0475878bd1	06001067	2026-06-11	4.29	2	8.58	4	19.12	2.5800	\N	\N	erp_sync	\N	2026-06-12 13:17:22.62454+00	2026-06-15 09:33:32.807268+00
f3044c42-e95d-9fe2-38e0-00bc69216d9c	46950cd4-72c2-48ef-a546-e2ae20ced524	8fa0bff6-28f8-4b19-a55c-6e47f2f64b3a	06001083	2026-06-11	5.46	1	5.46	1	4.50	1.6400	\N	\N	erp_sync	\N	2026-06-12 13:17:22.62454+00	2026-06-15 09:33:32.807268+00
4abd6f06-a9c5-be8e-658a-ab103c186a74	46950cd4-72c2-48ef-a546-e2ae20ced524	6eca85dd-84b4-4acf-a99b-69ef8ecfa1f2	06001093	2026-06-11	3.40	7	23.81	15	54.63	7.1400	\N	\N	erp_sync	\N	2026-06-12 13:17:22.62454+00	2026-06-15 09:33:32.807268+00
f28565b2-7bca-ba5a-0f96-1c127f3a6e93	46950cd4-72c2-48ef-a546-e2ae20ced524	115e939d-a87f-4f76-93bc-327c25f0f36a	06001099	2026-06-11	3.81	8	30.50	19	70.49	9.1200	\N	\N	erp_sync	\N	2026-06-12 13:17:22.62454+00	2026-06-15 09:33:32.807268+00
9cf7fae4-3657-b3dc-9f37-2d00d4c31e6f	46950cd4-72c2-48ef-a546-e2ae20ced524	148e2f4c-fcda-40ce-a404-681a1e6bf520	06001104	2026-06-11	4.89	1	4.89	7	34.30	1.4700	\N	\N	erp_sync	\N	2026-06-12 13:17:22.62454+00	2026-06-15 09:33:32.807268+00
e87be87b-5ac7-5c9d-08db-6b23921e4909	46950cd4-72c2-48ef-a546-e2ae20ced524	266d3cad-2535-4632-8a88-b1d737bd7cbb	06001115	2026-06-11	4.90	0	0.00	3	14.70	0.0000	\N	\N	erp_sync	\N	2026-06-12 13:17:22.62454+00	2026-06-15 09:33:32.807268+00
5ddb0798-f12b-3534-0f56-05dac9dc142c	46950cd4-72c2-48ef-a546-e2ae20ced524	bf58e2ef-fce9-439d-a6d0-09eb31ca9ecb	06001122	2026-06-11	4.47	1	4.47	3	12.13	1.3400	\N	\N	erp_sync	\N	2026-06-12 13:17:22.62454+00	2026-06-15 09:33:32.807268+00
0aba5ec7-37cf-76c6-333c-aa05dcd960cf	46950cd4-72c2-48ef-a546-e2ae20ced524	8c845e56-68c8-4b09-85ba-6c7c46748785	06001357	2026-06-11	3.89	3	11.67	12	63.57	3.5100	\N	\N	erp_sync	\N	2026-06-12 13:17:22.62454+00	2026-06-15 09:33:32.807268+00
638d8435-429a-f548-8e70-1c3e98a8a69f	46950cd4-72c2-48ef-a546-e2ae20ced524	95f56c98-2e72-4a80-ab60-b4c7cf3d891b	06001405	2026-06-11	3.90	0	0.00	2	7.80	0.0000	\N	\N	erp_sync	\N	2026-06-12 13:17:22.62454+00	2026-06-15 09:33:32.807268+00
5701e925-3974-7d7c-1333-69fbc5f352ab	46950cd4-72c2-48ef-a546-e2ae20ced524	c576683a-ecdf-4d52-a0ed-9e7b31fa5b0f	06001406	2026-06-11	4.51	2	9.01	3	14.70	2.7000	\N	\N	erp_sync	\N	2026-06-12 13:17:22.62454+00	2026-06-15 09:33:32.807268+00
e6af34eb-02e0-f188-ab1c-5586510e35bf	46950cd4-72c2-48ef-a546-e2ae20ced524	d05cf83c-63e2-41b6-85ec-7ff2757ac192	06001444	2026-06-11	10.26	1	10.26	1	9.90	3.0800	\N	\N	erp_sync	\N	2026-06-12 13:17:22.62454+00	2026-06-15 09:33:32.807268+00
b413b50c-1ec5-db67-540d-84e51811a9e1	46950cd4-72c2-48ef-a546-e2ae20ced524	48b8a691-d857-48ad-b5c3-a4711408f674	06001460	2026-06-11	2.97	1	2.97	1	3.90	0.8900	\N	\N	erp_sync	\N	2026-06-12 13:17:22.62454+00	2026-06-15 09:33:32.807268+00
ca9738f1-9d7b-6667-5410-7d32eb811d94	46950cd4-72c2-48ef-a546-e2ae20ced524	6139ac71-8183-461f-89a7-a0093ecb61e3	06001516	2026-06-11	9.90	0	0.00	2	19.80	0.0000	\N	\N	erp_sync	\N	2026-06-12 13:17:22.62454+00	2026-06-15 09:33:32.807268+00
4cd56612-ce58-ac36-ebd9-90488c679e97	46950cd4-72c2-48ef-a546-e2ae20ced524	82f02b05-4bcf-494d-b147-bb95d9c330f6	07307034	2026-06-11	9.23	4	36.92	6	57.50	3.0400	\N	\N	erp_sync	\N	2026-06-12 13:17:22.62454+00	2026-06-15 09:33:32.807268+00
2c6c12e6-4c8a-be33-4dea-41c0a26c08ec	46950cd4-72c2-48ef-a546-e2ae20ced524	d2384e85-ced6-4fa1-b05f-63cf79e2c120	07307041	2026-06-11	10.82	8	86.58	13	143.75	18.8000	\N	\N	erp_sync	\N	2026-06-12 13:17:22.62454+00	2026-06-15 09:33:32.807268+00
5f620c38-82ca-d0a1-09c0-6508a9ba0e48	46950cd4-72c2-48ef-a546-e2ae20ced524	4ca810e9-f4e4-4cb9-830d-fb843bc5491d	10015582	2026-06-11	3.87	2	7.74	4	17.46	2.3200	\N	\N	erp_sync	\N	2026-06-12 13:17:22.62454+00	2026-06-15 09:33:32.807268+00
ffe9a0df-0093-d36e-7e93-61727860c51d	46950cd4-72c2-48ef-a546-e2ae20ced524	315f2d43-14ea-4ec0-8cdd-582be9c28bf3	10089910	2026-06-11	12.57	1	12.57	3	30.00	3.7700	\N	\N	erp_sync	\N	2026-06-12 13:17:22.62454+00	2026-06-15 09:33:32.807268+00
3ba4f80b-07fe-3758-613a-96ab4a860e4f	46950cd4-72c2-48ef-a546-e2ae20ced524	6dce3d5b-f47c-47cd-a175-9a3a3389ad8d	10170913	2026-06-11	5.87	1	5.87	12	66.00	1.7600	\N	\N	erp_sync	\N	2026-06-12 13:17:22.62454+00	2026-06-15 09:33:32.807268+00
3561e3ea-b8b0-479d-4423-7c60c66f6f4e	46950cd4-72c2-48ef-a546-e2ae20ced524	6d2549b2-2232-4a43-90af-210e2d2f26e7	10180048	2026-06-11	7.26	2	14.51	11	66.00	4.3600	\N	\N	erp_sync	\N	2026-06-12 13:17:22.62454+00	2026-06-15 09:33:32.807268+00
8799d0eb-e584-0e4e-1386-f45e26101e81	46950cd4-72c2-48ef-a546-e2ae20ced524	46c2fde9-8503-477b-bd3f-c87f8ccc5a7e	10180547	2026-06-11	5.02	3	15.05	25	95.31	4.5300	\N	\N	erp_sync	\N	2026-06-12 13:17:22.62454+00	2026-06-15 09:33:32.807268+00
d9ae3a7e-124c-0a74-ae88-43a91fab9f1f	46950cd4-72c2-48ef-a546-e2ae20ced524	f35b966a-c2d3-4086-8de7-5004d7a6c355	10180608	2026-06-11	4.29	4	17.14	11	35.00	5.1600	\N	\N	erp_sync	\N	2026-06-12 13:17:22.62454+00	2026-06-15 09:33:32.807268+00
78b30b21-eb0b-71b6-c5df-7f9dbd4ec2a0	46950cd4-72c2-48ef-a546-e2ae20ced524	21f536c4-78fb-4923-86cb-996eddc3b3fd	10180618	2026-06-11	4.86	5	24.30	20	97.48	7.3000	\N	\N	erp_sync	\N	2026-06-12 13:17:22.62454+00	2026-06-15 09:33:32.807268+00
c8abb3e6-d801-3e6d-925e-0f37c13f9583	46950cd4-72c2-48ef-a546-e2ae20ced524	825fe563-68cc-4c24-912d-b328ce0c382b	10190265	2026-06-11	4.10	4	16.41	4	16.58	4.9200	\N	\N	erp_sync	\N	2026-06-12 13:17:22.62454+00	2026-06-15 09:33:32.807268+00
88477604-02db-396b-5eb3-c092b87d5964	46950cd4-72c2-48ef-a546-e2ae20ced524	1ced8a76-501b-44d4-b840-1c0362605ee2	15011262	2026-06-11	7.85	4	31.39	13	102.53	16.8000	\N	\N	erp_sync	\N	2026-06-12 13:17:22.62454+00	2026-06-15 09:33:32.807268+00
2e47f269-4db0-34f2-aa80-eb082d7b6663	46950cd4-72c2-48ef-a546-e2ae20ced524	26cb9dcb-27c1-47d6-b878-78ff718b83b7	15020086	2026-06-11	7.27	3	21.81	6	54.62	-0.2400	\N	\N	erp_sync	\N	2026-06-12 13:17:22.62454+00	2026-06-15 09:33:32.807268+00
c3a40a63-4832-671f-f04a-29814421985b	46950cd4-72c2-48ef-a546-e2ae20ced524	e6f77d75-5288-46f3-8034-0694f0d87b85	15020599	2026-06-11	5.57	14	77.94	30	167.25	10.7800	\N	\N	erp_sync	\N	2026-06-12 13:17:22.62454+00	2026-06-15 09:33:32.807268+00
c01938bd-e05c-74d4-5ada-730235b3d53d	46950cd4-72c2-48ef-a546-e2ae20ced524	c482792b-d8d0-410d-a04f-a664461a7aaf	15020611	2026-06-11	5.91	1	5.91	16	83.84	1.2100	\N	\N	erp_sync	\N	2026-06-12 13:17:22.62454+00	2026-06-15 09:33:32.807268+00
bc5e80a9-05e2-4b60-baac-660dd621dbd5	46950cd4-72c2-48ef-a546-e2ae20ced524	1f79a2ca-838e-47b0-b26b-47b8af66fa7c	15040367	2026-06-11	6.10	11	67.05	33	186.58	14.3000	\N	\N	erp_sync	\N	2026-06-12 13:17:22.62454+00	2026-06-15 09:33:32.807268+00
2b284b64-108d-4bc7-79e6-d12f618b0dd9	46950cd4-72c2-48ef-a546-e2ae20ced524	1d15c5c7-2e47-4e99-9f2a-a55bc473e53f	15040406	2026-06-11	4.23	2	8.46	12	62.17	-3.9400	\N	\N	erp_sync	\N	2026-06-12 13:17:22.62454+00	2026-06-15 09:33:32.807268+00
2665b5f6-77ff-f437-cbf3-f7ae076fbf3f	46950cd4-72c2-48ef-a546-e2ae20ced524	a8c7c45a-195f-4d96-8c3e-56603c4279bf	15040978	2026-06-11	6.73	4	26.92	10	68.90	1.1600	\N	\N	erp_sync	\N	2026-06-12 13:17:22.62454+00	2026-06-15 09:33:32.807268+00
ba2dddda-6399-1ef0-f9e0-868b932e948a	46950cd4-72c2-48ef-a546-e2ae20ced524	6c5c554d-86fa-4d4a-988b-9eda4282f2a4	15041203	2026-06-11	10.53	3	31.58	7	62.50	10.2300	\N	\N	erp_sync	\N	2026-06-12 13:17:22.62454+00	2026-06-15 09:33:32.807268+00
009a3980-6563-f937-2fdc-94c5813b7bed	46950cd4-72c2-48ef-a546-e2ae20ced524	30101bde-8b4a-4439-a36a-08f9b1535e28	15041289	2026-06-11	9.54	1	9.54	10	77.52	2.1900	\N	\N	erp_sync	\N	2026-06-12 13:17:22.62454+00	2026-06-15 09:33:32.807268+00
6c995fb1-a50c-a50c-ec55-168eafaac428	46950cd4-72c2-48ef-a546-e2ae20ced524	41f4c369-a3e1-4151-a33e-8b63a0051214	15061188	2026-06-11	5.19	18	93.41	49	243.35	-26.6400	\N	\N	erp_sync	\N	2026-06-12 13:17:22.62454+00	2026-06-15 09:33:32.807268+00
5b881c9e-db75-0c78-4507-910f2b25ae79	46950cd4-72c2-48ef-a546-e2ae20ced524	ef6a4184-317e-4c55-81ed-7d39a152d838	15061206	2026-06-11	8.68	16	138.93	34	313.40	-46.7200	\N	\N	erp_sync	\N	2026-06-12 13:17:22.62454+00	2026-06-15 09:33:32.807268+00
38f5d937-51e5-c772-c0d8-023006bfc3ec	46950cd4-72c2-48ef-a546-e2ae20ced524	ef00094f-27cc-4353-8b5f-f047bfedfdfa	15061421	2026-06-11	9.61	5	48.04	51	499.86	10.9500	\N	\N	erp_sync	\N	2026-06-12 13:17:22.62454+00	2026-06-15 09:33:32.807268+00
ae112154-dded-e04a-ec6f-dbe0dced1f58	46950cd4-72c2-48ef-a546-e2ae20ced524	18ceaf65-128d-492e-ba0c-1b7fcf4ff462	15061432	2026-06-11	4.22	17	71.69	32	134.85	8.8400	\N	\N	erp_sync	\N	2026-06-12 13:17:22.62454+00	2026-06-15 09:33:32.807268+00
bd3acbff-9952-9908-4d27-18efc5e7c76c	46950cd4-72c2-48ef-a546-e2ae20ced524	9be00ca5-96b5-41e1-a6fa-17c00622992c	15061438	2026-06-11	5.29	5	26.46	10	53.15	2.4500	\N	\N	erp_sync	\N	2026-06-12 13:17:22.62454+00	2026-06-15 09:33:32.807268+00
1d97f375-c832-1d74-b2f6-d6a6440d6444	46950cd4-72c2-48ef-a546-e2ae20ced524	c9c9c61c-e535-4cc8-b968-ce3d73aa6d41	15061445	2026-06-11	6.17	2	12.33	5	33.75	1.4000	\N	\N	erp_sync	\N	2026-06-12 13:17:22.62454+00	2026-06-15 09:33:32.807268+00
9b97a8c1-4809-f7bd-46c4-da06cc0f1c9e	46950cd4-72c2-48ef-a546-e2ae20ced524	6e654c7e-de20-4ff8-a2f7-b552ea0f90f5	15061500	2026-06-11	6.57	4	26.29	6	46.01	-3.1200	\N	\N	erp_sync	\N	2026-06-12 13:17:22.62454+00	2026-06-15 09:33:32.807268+00
f4cae031-de37-574c-2e6d-792a52d2afc5	46950cd4-72c2-48ef-a546-e2ae20ced524	d21990ba-d8a9-44ba-884c-0ea8195552d7	15061819	2026-06-11	5.09	2	10.17	7	38.42	0.5800	\N	\N	erp_sync	\N	2026-06-12 13:17:22.62454+00	2026-06-15 09:33:32.807268+00
6cbf9f09-4875-dbc2-2ee6-e1ea9f682b4c	46950cd4-72c2-48ef-a546-e2ae20ced524	02a4ec96-4401-4383-b31a-14fd7e3c8b09	15061847	2026-06-11	8.38	19	159.30	53	444.98	-33.0600	\N	\N	erp_sync	\N	2026-06-12 13:17:22.62454+00	2026-06-15 09:33:32.807268+00
df4f3cf6-d791-b848-fe3b-5c478303dd1a	46950cd4-72c2-48ef-a546-e2ae20ced524	2bb00d2d-3fb1-4bc4-ac75-7c00e496d48c	15062045	2026-06-11	5.52	5	27.62	16	83.34	3.6000	\N	\N	erp_sync	\N	2026-06-12 13:17:22.62454+00	2026-06-15 09:33:32.807268+00
3080fbac-ca1e-8d0a-dd3e-46ecb9fed34f	46950cd4-72c2-48ef-a546-e2ae20ced524	4c9f118b-480b-48e1-a95d-8e04de07502b	15062101	2026-06-11	5.89	4	23.56	11	61.43	-1.2400	\N	\N	erp_sync	\N	2026-06-12 13:17:22.62454+00	2026-06-15 09:33:32.807268+00
068964c6-d2a7-8738-973a-6d5efb6ea1de	46950cd4-72c2-48ef-a546-e2ae20ced524	7c17e3bb-84d2-46d3-8149-71b041cbe7ce	15062188	2026-06-11	6.35	5	31.73	7	52.17	-5.3500	\N	\N	erp_sync	\N	2026-06-12 13:17:22.62454+00	2026-06-15 09:33:32.807268+00
af362e51-ccee-8a41-156e-2507f9e6cfa6	46950cd4-72c2-48ef-a546-e2ae20ced524	3fdb5a55-9148-4911-a32d-bbb7eea622b5	15062253	2026-06-11	9.17	2	18.33	4	36.61	3.6400	\N	\N	erp_sync	\N	2026-06-12 13:17:22.62454+00	2026-06-15 09:33:32.807268+00
77b10333-4f9b-33d1-d0bd-6f4cff716c7b	46950cd4-72c2-48ef-a546-e2ae20ced524	d49ec0a4-fffe-44f1-927c-1a466e6d1233	15062265	2026-06-11	11.02	14	154.25	23	247.98	-30.1000	\N	\N	erp_sync	\N	2026-06-12 13:17:22.62454+00	2026-06-15 09:33:32.807268+00
d3b35404-a6b6-8dc2-11b7-245ffd7d4348	46950cd4-72c2-48ef-a546-e2ae20ced524	7328827a-e812-4426-b59a-dfb0f9645199	15062282	2026-06-11	6.26	7	43.84	8	55.18	-1.2600	\N	\N	erp_sync	\N	2026-06-12 13:17:22.62454+00	2026-06-15 09:33:32.807268+00
d0e7c92d-1bc6-7d97-0e35-11e190bf3bd9	46950cd4-72c2-48ef-a546-e2ae20ced524	01082f51-f325-4251-87ed-076c73ca241e	15062513	2026-06-11	8.00	2	16.00	7	41.10	2.9800	\N	\N	erp_sync	\N	2026-06-12 13:17:22.62454+00	2026-06-15 09:33:32.807268+00
d0faf990-e67c-4f51-e038-ab9e58e9f894	46950cd4-72c2-48ef-a546-e2ae20ced524	9991ee51-201f-49a6-be9e-dc508f20fc44	15062515	2026-06-11	8.00	2	15.99	12	76.34	2.9800	\N	\N	erp_sync	\N	2026-06-12 13:17:22.62454+00	2026-06-15 09:33:32.807268+00
e697e35c-f093-b6be-881d-58f4249f236f	46950cd4-72c2-48ef-a546-e2ae20ced524	8b082873-ef31-49ba-8d15-fc1c83bf1bcf	15062561	2026-06-11	5.86	28	164.14	24	138.92	35.2800	\N	\N	erp_sync	\N	2026-06-12 13:17:22.62454+00	2026-06-15 09:33:32.807268+00
499a08d1-b10f-85ad-9744-8a0aebe6ee15	46950cd4-72c2-48ef-a546-e2ae20ced524	610cdcbc-6f44-4a4f-9480-de23eb5ce10c	15062651	2026-06-11	10.31	6	61.85	23	284.97	-4.2600	\N	\N	erp_sync	\N	2026-06-12 13:17:22.62454+00	2026-06-15 09:33:32.807268+00
6bb2d40d-98c2-79b7-0558-f7d09a4c95ad	46950cd4-72c2-48ef-a546-e2ae20ced524	96916520-bf17-4e10-a835-0744a458771f	15062669	2026-06-11	5.29	7	37.01	16	81.16	1.0500	\N	\N	erp_sync	\N	2026-06-12 13:17:22.62454+00	2026-06-15 09:33:32.807268+00
92c15c9a-4533-d8dd-b80b-0f363eff8178	46950cd4-72c2-48ef-a546-e2ae20ced524	14f02014-6226-4cdc-9b43-b8ec3758bf78	15062681	2026-06-11	10.50	8	83.99	16	184.00	-16.0000	\N	\N	erp_sync	\N	2026-06-12 13:17:22.62454+00	2026-06-15 09:33:32.807268+00
99425fe9-83bf-5bcc-1dc3-5c8a5393f04b	46950cd4-72c2-48ef-a546-e2ae20ced524	349a4d03-7e84-4e7b-9fc2-2ec59d2eb5a7	15062818	2026-06-11	6.86	24	164.74	55	375.08	35.5200	\N	\N	erp_sync	\N	2026-06-12 13:17:22.62454+00	2026-06-15 09:33:32.807268+00
04f46842-5366-3ff1-8669-bab8818328c4	46950cd4-72c2-48ef-a546-e2ae20ced524	3a78b9f8-648b-4e7b-b8be-81d201df7030	15801616	2026-06-11	3.32	24	79.64	59	193.55	1.6800	\N	\N	erp_sync	\N	2026-06-12 13:17:22.62454+00	2026-06-15 09:33:32.807268+00
04bebcd5-31ef-e146-3aae-2b5157fd488e	46950cd4-72c2-48ef-a546-e2ae20ced524	8198db60-a8fb-4a03-a3fb-2b34c4a99ce5	15801623	2026-06-11	3.37	33	111.23	73	250.46	2.9700	\N	\N	erp_sync	\N	2026-06-12 13:17:22.62454+00	2026-06-15 09:33:32.807268+00
7f13aea5-e79c-4a8f-f79b-d5adf5c14809	46950cd4-72c2-48ef-a546-e2ae20ced524	f556f3a7-5372-4a89-a27a-549e83f2c2da	15810372	2026-06-11	8.90	0	0.00	1	8.90	0.0000	\N	\N	erp_sync	\N	2026-06-12 13:17:22.62454+00	2026-06-15 09:33:32.807268+00
b531c3a2-adb6-82fd-b322-a95d72b322c3	46950cd4-72c2-48ef-a546-e2ae20ced524	cef81128-8e72-4ec6-b770-513668b8346d	15810735	2026-06-11	8.70	12	104.37	19	174.28	-20.6400	\N	\N	erp_sync	\N	2026-06-12 13:17:22.62454+00	2026-06-15 09:33:32.807268+00
2577dd78-7e7d-719f-729d-1e6cf56ff54c	46950cd4-72c2-48ef-a546-e2ae20ced524	e6530089-2d5c-4f53-a130-29285493f07c	15810975	2026-06-11	11.00	18	197.98	35	372.33	12.9600	\N	\N	erp_sync	\N	2026-06-12 13:17:22.62454+00	2026-06-15 09:33:32.807268+00
565428d7-c8bc-69d5-eb6b-6658a3ac170f	46950cd4-72c2-48ef-a546-e2ae20ced524	6acb3694-7dcc-4a58-82d1-635eb7e64081	15811085	2026-06-11	6.80	6	40.82	14	94.10	1.3200	\N	\N	erp_sync	\N	2026-06-12 13:17:22.62454+00	2026-06-15 09:33:32.807268+00
8ca7e735-cfd2-9724-ae0e-00ba22dd40c7	46950cd4-72c2-48ef-a546-e2ae20ced524	1c70a5bb-21a0-45ab-9791-8eb730c40637	23061399	2026-06-11	7.81	4	31.25	13	74.86	6.4400	\N	\N	erp_sync	\N	2026-06-12 13:17:22.62454+00	2026-06-15 09:33:32.807268+00
b15e9d4e-6572-cf73-6dcc-00e04963c7a5	46950cd4-72c2-48ef-a546-e2ae20ced524	4ff3d2ea-c845-4b76-b34b-28d503181914	80643401	2026-06-11	10.58	1	10.58	8	78.67	2.4300	\N	\N	erp_sync	\N	2026-06-12 13:17:22.62454+00	2026-06-15 09:33:32.807268+00
c898939f-06ea-9909-354f-f5a9b61c2565	91b6bc98-4feb-4e90-a2a7-cb31e9bfe340	df0f597d-94d3-4c37-8a66-9c6e06ee578b	03034078	2026-06-11	4.50	0	0.00	2	9.00	0.0000	\N	\N	erp_sync	\N	2026-06-12 13:17:22.62454+00	2026-06-15 09:33:32.807268+00
43f0a300-42ce-0631-e2e1-ade4ba04895f	91b6bc98-4feb-4e90-a2a7-cb31e9bfe340	d934a3c1-e972-4da4-b90d-60bf66429873	03034090	2026-06-11	2.23	2	4.45	5	15.00	1.3400	\N	\N	erp_sync	\N	2026-06-12 13:17:22.62454+00	2026-06-15 09:33:32.807268+00
30e1a565-5f81-c56b-c120-5903e595b291	91b6bc98-4feb-4e90-a2a7-cb31e9bfe340	603e8e83-93a4-48e6-868a-463041258c1b	03918654	2026-06-11	5.76	9	51.80	29	208.91	-5.4900	\N	\N	erp_sync	\N	2026-06-12 13:17:22.62454+00	2026-06-15 09:33:32.807268+00
49dcb96b-0ec8-c230-29c2-716eefcda8c3	91b6bc98-4feb-4e90-a2a7-cb31e9bfe340	aaed5205-0b79-4812-826b-b473c1d59adf	06000053	2026-06-11	8.10	1	8.10	1	6.50	2.4300	\N	\N	erp_sync	\N	2026-06-12 13:17:22.62454+00	2026-06-15 09:33:32.807268+00
f1787903-4075-86cc-e7b4-7145e69302c4	91b6bc98-4feb-4e90-a2a7-cb31e9bfe340	4ce8c077-6df0-4f06-9b0e-eb5cb0ee43a3	06000286	2026-06-11	2.82	8	22.57	15	42.00	6.8000	\N	\N	erp_sync	\N	2026-06-12 13:17:22.62454+00	2026-06-15 09:33:32.807268+00
89691df8-2ba7-e7e5-092f-f8800a5a6e5b	91b6bc98-4feb-4e90-a2a7-cb31e9bfe340	91ba7697-e08b-4ee2-8c83-47fa76f11a35	06000312	2026-06-11	4.51	9	40.56	9	41.40	12.1500	\N	\N	erp_sync	\N	2026-06-12 13:17:22.62454+00	2026-06-15 09:33:32.807268+00
b4d24d8c-a481-ba46-c8e5-bae5e44bf066	91b6bc98-4feb-4e90-a2a7-cb31e9bfe340	3f6ead78-acf5-489c-a073-6e5abb80c2ea	06000313	2026-06-11	3.50	6	20.98	16	60.49	6.3000	\N	\N	erp_sync	\N	2026-06-12 13:17:22.62454+00	2026-06-15 09:33:32.807268+00
a61c4d6b-2536-75c2-c0ca-ac969d08d0c8	91b6bc98-4feb-4e90-a2a7-cb31e9bfe340	84b6a0f4-293b-4dd7-8fc8-c81a8dd209ac	06000315	2026-06-11	4.14	2	8.28	6	30.00	2.4800	\N	\N	erp_sync	\N	2026-06-12 13:17:22.62454+00	2026-06-15 09:33:32.807268+00
67ba5b6b-418f-7a42-6017-7fb8c2a4900c	91b6bc98-4feb-4e90-a2a7-cb31e9bfe340	621a2b05-7fa4-4e3c-ba2b-81824ec3c0ce	06000360	2026-06-11	4.90	0	0.00	3	14.70	0.0000	\N	\N	erp_sync	\N	2026-06-12 13:17:22.62454+00	2026-06-15 09:33:32.807268+00
42c80e54-6bf7-62db-7722-387bef221cba	91b6bc98-4feb-4e90-a2a7-cb31e9bfe340	dfb4ca1b-e4d8-4990-8694-0b35461dd0ae	06000365	2026-06-11	5.63	2	11.26	3	15.00	3.3800	\N	\N	erp_sync	\N	2026-06-12 13:17:22.62454+00	2026-06-15 09:33:32.807268+00
7fd52ab8-2f13-ee49-e60f-528fec3fc153	91b6bc98-4feb-4e90-a2a7-cb31e9bfe340	af556d0a-0146-4df4-9736-dab10bbb8276	06000491	2026-06-11	4.80	0	0.00	7	33.60	0.0000	\N	\N	erp_sync	\N	2026-06-12 13:17:22.62454+00	2026-06-15 09:33:32.807268+00
5780a0a8-0f9a-3019-358a-ea63a5bc999a	91b6bc98-4feb-4e90-a2a7-cb31e9bfe340	7b4ed169-7e8b-4bde-bf58-0f3a5f0a425b	06000557	2026-06-11	4.62	4	18.48	14	70.00	5.5600	\N	\N	erp_sync	\N	2026-06-12 13:17:22.62454+00	2026-06-15 09:33:32.807268+00
ad9a10ef-240f-c924-b127-e8408ec3a309	91b6bc98-4feb-4e90-a2a7-cb31e9bfe340	a5d71638-8246-41e4-a364-7c3625e3eae7	06000705	2026-06-11	3.90	0	0.00	1	3.90	0.0000	\N	\N	erp_sync	\N	2026-06-12 13:17:22.62454+00	2026-06-15 09:33:32.807268+00
b11975b4-184c-8091-b5a3-a8c640e0ff5f	91b6bc98-4feb-4e90-a2a7-cb31e9bfe340	9ddc84c3-c4fe-4227-805d-aa48577d41df	06000730	2026-06-11	6.73	1	6.73	3	18.29	2.0200	\N	\N	erp_sync	\N	2026-06-12 13:17:22.62454+00	2026-06-15 09:33:32.807268+00
b31e9151-4156-320a-7022-df2492cb5502	91b6bc98-4feb-4e90-a2a7-cb31e9bfe340	95f8f6b4-4eb7-403e-b463-faa0b3532747	06000753	2026-06-11	5.55	9	49.97	18	97.93	14.9400	\N	\N	erp_sync	\N	2026-06-12 13:17:22.62454+00	2026-06-15 09:33:32.807268+00
ee35ec0c-c4a9-758c-6205-4068ae3fff15	91b6bc98-4feb-4e90-a2a7-cb31e9bfe340	3a62d27a-7662-4d55-bb62-192619819edf	06000796	2026-06-11	5.61	6	33.63	6	36.00	10.0800	\N	\N	erp_sync	\N	2026-06-12 13:17:22.62454+00	2026-06-15 09:33:32.807268+00
2f95a233-2525-51f0-f978-399f1703ec18	91b6bc98-4feb-4e90-a2a7-cb31e9bfe340	2f0b272c-098f-496d-90e1-0beae9a6fa59	06000835	2026-06-11	6.10	1	6.10	2	10.00	1.8300	\N	\N	erp_sync	\N	2026-06-12 13:17:22.62454+00	2026-06-15 09:33:32.807268+00
1f8eef53-e5d2-b125-e4eb-81fd5c55ad38	91b6bc98-4feb-4e90-a2a7-cb31e9bfe340	2b718b5a-63e2-44de-a48c-93ec1e2e55f7	06000857	2026-06-11	8.76	1	8.76	3	29.70	2.6300	\N	\N	erp_sync	\N	2026-06-12 13:17:22.62454+00	2026-06-15 09:33:32.807268+00
884c1056-10cf-920a-1f29-4a2ac5d78f53	91b6bc98-4feb-4e90-a2a7-cb31e9bfe340	3f2a878a-a145-4bb2-92d6-68a2201b40fa	06000997	2026-06-11	4.90	0	0.00	4	19.60	0.0000	\N	\N	erp_sync	\N	2026-06-12 13:17:22.62454+00	2026-06-15 09:33:32.807268+00
0a76a1f6-d7ab-a4d0-3735-23283810fbf6	91b6bc98-4feb-4e90-a2a7-cb31e9bfe340	a5934539-5f30-4b6e-a966-3268dcc60e76	06001041	2026-06-11	5.14	3	15.41	4	19.60	4.6200	\N	\N	erp_sync	\N	2026-06-12 13:17:22.62454+00	2026-06-15 09:33:32.807268+00
9441d67d-a45d-d2a2-69d5-7bea2528764e	91b6bc98-4feb-4e90-a2a7-cb31e9bfe340	69d243b4-c549-4010-9c18-2d9948afdeae	06001043	2026-06-11	2.62	0	0.00	4	10.48	0.0000	\N	\N	erp_sync	\N	2026-06-12 13:17:22.62454+00	2026-06-15 09:33:32.807268+00
9c926edb-f13c-2258-b594-c0deeade3868	91b6bc98-4feb-4e90-a2a7-cb31e9bfe340	102f0164-ae6c-4429-ac52-1f0475878bd1	06001067	2026-06-11	4.71	4	18.82	6	30.00	5.6400	\N	\N	erp_sync	\N	2026-06-12 13:17:22.62454+00	2026-06-15 09:33:32.807268+00
f1460b12-fa9d-22f2-c13e-b3c66eb02312	91b6bc98-4feb-4e90-a2a7-cb31e9bfe340	8fa0bff6-28f8-4b19-a55c-6e47f2f64b3a	06001083	2026-06-11	5.46	2	10.92	2	9.00	3.2800	\N	\N	erp_sync	\N	2026-06-12 13:17:22.62454+00	2026-06-15 09:33:32.807268+00
40262cfa-ae59-17bf-0f6d-104fc300a0c4	91b6bc98-4feb-4e90-a2a7-cb31e9bfe340	6eca85dd-84b4-4acf-a99b-69ef8ecfa1f2	06001093	2026-06-11	3.83	10	38.32	12	46.45	11.5000	\N	\N	erp_sync	\N	2026-06-12 13:17:22.62454+00	2026-06-15 09:33:32.807268+00
3766526f-b10f-f69d-92e2-cc809e9fbfde	91b6bc98-4feb-4e90-a2a7-cb31e9bfe340	148e2f4c-fcda-40ce-a404-681a1e6bf520	06001104	2026-06-11	4.89	2	9.78	7	33.43	2.9400	\N	\N	erp_sync	\N	2026-06-12 13:17:22.62454+00	2026-06-15 09:33:32.807268+00
8677120b-c137-2bad-368c-c8dbbc915c45	91b6bc98-4feb-4e90-a2a7-cb31e9bfe340	bf58e2ef-fce9-439d-a6d0-09eb31ca9ecb	06001122	2026-06-11	5.96	2	11.92	3	15.00	3.5800	\N	\N	erp_sync	\N	2026-06-12 13:17:22.62454+00	2026-06-15 09:33:32.807268+00
a8912c83-f148-204b-7b7b-713bf773be89	91b6bc98-4feb-4e90-a2a7-cb31e9bfe340	8c845e56-68c8-4b09-85ba-6c7c46748785	06001357	2026-06-11	5.74	6	34.41	7	38.34	10.3200	\N	\N	erp_sync	\N	2026-06-12 13:17:22.62454+00	2026-06-15 09:33:32.807268+00
184ad453-ddf8-9be4-6dd9-e934dd49bd03	91b6bc98-4feb-4e90-a2a7-cb31e9bfe340	95f56c98-2e72-4a80-ab60-b4c7cf3d891b	06001405	2026-06-11	3.52	1	3.52	1	3.90	1.0600	\N	\N	erp_sync	\N	2026-06-12 13:17:22.62454+00	2026-06-15 09:33:32.807268+00
880d58ef-17f4-ea86-0aab-4bfca1a4b770	91b6bc98-4feb-4e90-a2a7-cb31e9bfe340	12541b20-d83b-4692-889f-f72d3e6a8be9	06001441	2026-06-11	4.02	1	4.02	11	30.56	1.2100	\N	\N	erp_sync	\N	2026-06-12 13:17:22.62454+00	2026-06-15 09:33:32.807268+00
f272d7ba-771d-dde8-cb0a-7eb9d7935816	91b6bc98-4feb-4e90-a2a7-cb31e9bfe340	3444f983-b77a-4bde-934e-8a7f0922d975	06001500	2026-06-11	4.21	4	16.82	3	13.50	5.0400	\N	\N	erp_sync	\N	2026-06-12 13:17:22.62454+00	2026-06-15 09:33:32.807268+00
54037ab2-4b02-bfe1-fab6-531c5f47d67f	91b6bc98-4feb-4e90-a2a7-cb31e9bfe340	6139ac71-8183-461f-89a7-a0093ecb61e3	06001516	2026-06-11	6.02	3	18.07	4	25.57	5.4300	\N	\N	erp_sync	\N	2026-06-12 13:17:22.62454+00	2026-06-15 09:33:32.807268+00
13c58a37-02c9-d007-5ecf-4f724a6ac515	91b6bc98-4feb-4e90-a2a7-cb31e9bfe340	3cd2c710-20e3-4cae-a70a-3ffd28548b30	06009075	2026-06-11	6.00	1	6.00	1	4.90	1.8000	\N	\N	erp_sync	\N	2026-06-12 13:17:22.62454+00	2026-06-15 09:33:32.807268+00
f22a0ff5-1b64-4ee4-fe7c-3fbcce388c64	91b6bc98-4feb-4e90-a2a7-cb31e9bfe340	95c27274-25c9-4e6f-8b26-1b05db56fa86	07002793	2026-06-11	4.34	11	47.70	27	128.30	5.9400	\N	\N	erp_sync	\N	2026-06-12 13:17:22.62454+00	2026-06-15 09:33:32.807268+00
116d9b77-a426-380b-8875-0917c1efca60	91b6bc98-4feb-4e90-a2a7-cb31e9bfe340	82f02b05-4bcf-494d-b147-bb95d9c330f6	07307034	2026-06-11	11.50	0	0.00	1	11.50	0.0000	\N	\N	erp_sync	\N	2026-06-12 13:17:22.62454+00	2026-06-15 09:33:32.807268+00
6dcba3e8-622c-35fa-5539-c6d0e97dd0fc	91b6bc98-4feb-4e90-a2a7-cb31e9bfe340	d2384e85-ced6-4fa1-b05f-63cf79e2c120	07307041	2026-06-11	8.12	2	16.23	6	63.25	-0.7000	\N	\N	erp_sync	\N	2026-06-12 13:17:22.62454+00	2026-06-15 09:33:32.807268+00
286b50c7-91e4-8003-9237-0d64d23d8e74	91b6bc98-4feb-4e90-a2a7-cb31e9bfe340	97a6a244-b67d-426b-85d6-191d46ccbd4e	10040119	2026-06-11	9.73	1	9.73	2	15.80	2.9200	\N	\N	erp_sync	\N	2026-06-12 13:17:22.62454+00	2026-06-15 09:33:32.807268+00
589ebc0a-d2e4-5f4d-2c7a-691c65432592	91b6bc98-4feb-4e90-a2a7-cb31e9bfe340	6dce3d5b-f47c-47cd-a175-9a3a3389ad8d	10170913	2026-06-11	5.77	5	28.84	9	53.49	8.6500	\N	\N	erp_sync	\N	2026-06-12 13:17:22.62454+00	2026-06-15 09:33:32.807268+00
995059a6-258c-73e1-4e8a-8e986645f38b	91b6bc98-4feb-4e90-a2a7-cb31e9bfe340	6d2549b2-2232-4a43-90af-210e2d2f26e7	10180048	2026-06-11	5.80	5	29.02	15	89.80	8.7000	\N	\N	erp_sync	\N	2026-06-12 13:17:22.62454+00	2026-06-15 09:33:32.807268+00
7f375a86-89f1-7656-1009-5f3c4dee6518	91b6bc98-4feb-4e90-a2a7-cb31e9bfe340	f35b966a-c2d3-4086-8de7-5004d7a6c355	10180608	2026-06-11	3.43	2	6.86	7	26.29	2.0600	\N	\N	erp_sync	\N	2026-06-12 13:17:22.62454+00	2026-06-15 09:33:32.807268+00
eefe25d0-98a5-567f-ccca-e4aab7f8cd93	91b6bc98-4feb-4e90-a2a7-cb31e9bfe340	21f536c4-78fb-4923-86cb-996eddc3b3fd	10180618	2026-06-11	4.26	3	12.79	7	34.59	3.8400	\N	\N	erp_sync	\N	2026-06-12 13:17:22.62454+00	2026-06-15 09:33:32.807268+00
3564aa10-c1c1-c85e-a0d5-1e0230afcdbf	91b6bc98-4feb-4e90-a2a7-cb31e9bfe340	1ced8a76-501b-44d4-b840-1c0362605ee2	15011262	2026-06-11	3.17	3	9.51	3	12.50	-1.4400	\N	\N	erp_sync	\N	2026-06-12 13:17:22.62454+00	2026-06-15 09:33:32.807268+00
7ec6aa5d-6e3f-2442-fa4e-b432bb5f0475	91b6bc98-4feb-4e90-a2a7-cb31e9bfe340	26cb9dcb-27c1-47d6-b878-78ff718b83b7	15020086	2026-06-11	7.93	14	111.04	44	380.00	8.1200	\N	\N	erp_sync	\N	2026-06-12 13:17:22.62454+00	2026-06-15 09:33:32.807268+00
86b02079-0c63-d100-c34c-4053d6acf5f0	91b6bc98-4feb-4e90-a2a7-cb31e9bfe340	e6f77d75-5288-46f3-8034-0694f0d87b85	15020599	2026-06-11	5.51	35	193.01	77	427.20	24.8500	\N	\N	erp_sync	\N	2026-06-12 13:17:22.62454+00	2026-06-15 09:33:32.807268+00
cc0811d4-cc7c-da22-a9fd-1a151a83dac6	91b6bc98-4feb-4e90-a2a7-cb31e9bfe340	c482792b-d8d0-410d-a04f-a664461a7aaf	15020611	2026-06-11	5.22	5	26.10	8	41.50	2.6000	\N	\N	erp_sync	\N	2026-06-12 13:17:22.62454+00	2026-06-15 09:33:32.807268+00
418a26a4-4689-f61d-941f-4254e3b9aee4	91b6bc98-4feb-4e90-a2a7-cb31e9bfe340	1f79a2ca-838e-47b0-b26b-47b8af66fa7c	15040367	2026-06-11	5.88	12	70.56	19	107.64	12.9600	\N	\N	erp_sync	\N	2026-06-12 13:17:22.62454+00	2026-06-15 09:33:32.807268+00
d1b5f9f2-3e23-01d2-5310-b284ddf6b456	91b6bc98-4feb-4e90-a2a7-cb31e9bfe340	1d15c5c7-2e47-4e99-9f2a-a55bc473e53f	15040406	2026-06-11	4.36	6	26.13	18	85.33	-11.0400	\N	\N	erp_sync	\N	2026-06-12 13:17:22.62454+00	2026-06-15 09:33:32.807268+00
d9c67c8e-1fef-b7a0-2fca-ee58bdd038ba	91b6bc98-4feb-4e90-a2a7-cb31e9bfe340	a8c7c45a-195f-4d96-8c3e-56603c4279bf	15040978	2026-06-11	7.70	2	15.40	6	49.83	2.5200	\N	\N	erp_sync	\N	2026-06-12 13:17:22.62454+00	2026-06-15 09:33:32.807268+00
f36e8ca3-847c-e8cb-7c3d-5e4904308dbb	91b6bc98-4feb-4e90-a2a7-cb31e9bfe340	58db432a-7df5-46f3-b91c-987cf9f507ad	15040992	2026-06-11	8.70	4	34.79	5	42.17	9.0400	\N	\N	erp_sync	\N	2026-06-12 13:17:22.62454+00	2026-06-15 09:33:32.807268+00
30479108-75f8-29ab-c124-e3b626b0a00a	91b6bc98-4feb-4e90-a2a7-cb31e9bfe340	6c5c554d-86fa-4d4a-988b-9eda4282f2a4	15041203	2026-06-11	10.53	4	42.11	10	89.00	13.6400	\N	\N	erp_sync	\N	2026-06-12 13:17:22.62454+00	2026-06-15 09:33:32.807268+00
54d79b8b-123a-339f-41ae-4c4eae32f8c5	91b6bc98-4feb-4e90-a2a7-cb31e9bfe340	30101bde-8b4a-4439-a36a-08f9b1535e28	15041289	2026-06-11	7.11	1	7.11	3	23.75	-0.2400	\N	\N	erp_sync	\N	2026-06-12 13:17:22.62454+00	2026-06-15 09:33:32.807268+00
429abf2e-4156-6706-7b47-2e6aed009621	91b6bc98-4feb-4e90-a2a7-cb31e9bfe340	41f4c369-a3e1-4151-a33e-8b63a0051214	15061188	2026-06-11	4.94	17	84.05	54	273.57	-29.4100	\N	\N	erp_sync	\N	2026-06-12 13:17:22.62454+00	2026-06-15 09:33:32.807268+00
5a1cc94e-23a5-5a95-5cbc-c017b49f3766	91b6bc98-4feb-4e90-a2a7-cb31e9bfe340	ef6a4184-317e-4c55-81ed-7d39a152d838	15061206	2026-06-11	18.68	1	18.68	2	31.00	7.0800	\N	\N	erp_sync	\N	2026-06-12 13:17:22.62454+00	2026-06-15 09:33:32.807268+00
5f57633c-b1c3-da18-e31c-424c46cb186a	91b6bc98-4feb-4e90-a2a7-cb31e9bfe340	9989f7a1-d9b6-414b-8f66-673f0fbae114	15061275	2026-06-11	12.74	5	63.71	8	102.40	17.6000	\N	\N	erp_sync	\N	2026-06-12 13:17:22.62454+00	2026-06-15 09:33:32.807268+00
8ab15e8f-c375-378e-4d5d-bf5bb85e1fe1	91b6bc98-4feb-4e90-a2a7-cb31e9bfe340	16c972f8-3269-48e7-bb1b-d8b028bd6365	15061276	2026-06-11	5.92	4	23.68	5	32.50	4.4400	\N	\N	erp_sync	\N	2026-06-12 13:17:22.62454+00	2026-06-15 09:33:32.807268+00
725ca42e-33f1-afff-4f42-ec02d51c48c1	91b6bc98-4feb-4e90-a2a7-cb31e9bfe340	516b4333-ceea-404b-8a67-722219250b74	15061319	2026-06-11	10.70	1	10.70	3	29.90	3.2800	\N	\N	erp_sync	\N	2026-06-12 13:17:22.62454+00	2026-06-15 09:33:32.807268+00
c6b6ce19-aec0-5adc-6dcc-9c48f616aaeb	91b6bc98-4feb-4e90-a2a7-cb31e9bfe340	ef00094f-27cc-4353-8b5f-f047bfedfdfa	15061421	2026-06-11	9.94	29	288.17	82	804.80	73.0800	\N	\N	erp_sync	\N	2026-06-12 13:17:22.62454+00	2026-06-15 09:33:32.807268+00
69600e66-5897-6e08-08ca-e24e0d759822	91b6bc98-4feb-4e90-a2a7-cb31e9bfe340	18ceaf65-128d-492e-ba0c-1b7fcf4ff462	15061432	2026-06-11	4.52	18	81.35	54	252.36	14.7600	\N	\N	erp_sync	\N	2026-06-12 13:17:22.62454+00	2026-06-15 09:33:32.807268+00
058f8eba-c659-1e5d-10d1-9633643a42f9	91b6bc98-4feb-4e90-a2a7-cb31e9bfe340	9be00ca5-96b5-41e1-a6fa-17c00622992c	15061438	2026-06-11	6.21	4	24.83	12	73.95	5.6400	\N	\N	erp_sync	\N	2026-06-12 13:17:22.62454+00	2026-06-15 09:33:32.807268+00
6483d60d-f82c-d2f3-9800-aa3ed151ab8d	91b6bc98-4feb-4e90-a2a7-cb31e9bfe340	f372a716-4d30-48fe-ac08-c3f9b3d72202	15061494	2026-06-11	5.97	6	35.80	8	45.90	8.8200	\N	\N	erp_sync	\N	2026-06-12 13:17:22.62454+00	2026-06-15 09:33:32.807268+00
dd1655b5-23a9-d041-095a-eb2f225a28a3	91b6bc98-4feb-4e90-a2a7-cb31e9bfe340	0b0fdac1-955d-4d38-9f0d-704ccca6be6d	15061641	2026-06-11	4.84	11	53.20	17	93.90	-2.9700	\N	\N	erp_sync	\N	2026-06-12 13:17:22.62454+00	2026-06-15 09:33:32.807268+00
b8170cf2-ddbd-7812-5db6-b8248ca049d3	91b6bc98-4feb-4e90-a2a7-cb31e9bfe340	d21990ba-d8a9-44ba-884c-0ea8195552d7	15061819	2026-06-11	4.93	3	14.79	5	26.84	0.3900	\N	\N	erp_sync	\N	2026-06-12 13:17:22.62454+00	2026-06-15 09:33:32.807268+00
7f73dbe0-34cf-7cee-8e53-241df51d91b7	91b6bc98-4feb-4e90-a2a7-cb31e9bfe340	02a4ec96-4401-4383-b31a-14fd7e3c8b09	15061847	2026-06-11	9.42	6	56.52	21	174.46	-4.2000	\N	\N	erp_sync	\N	2026-06-12 13:17:22.62454+00	2026-06-15 09:33:32.807268+00
8843638f-542e-e302-3431-f7612c1435ba	91b6bc98-4feb-4e90-a2a7-cb31e9bfe340	2bb00d2d-3fb1-4bc4-ac75-7c00e496d48c	15062045	2026-06-11	5.27	7	36.86	20	114.45	3.2900	\N	\N	erp_sync	\N	2026-06-12 13:17:22.62454+00	2026-06-15 09:33:32.807268+00
8c9851b8-e534-fde5-5c0e-2ddd9abed4c4	91b6bc98-4feb-4e90-a2a7-cb31e9bfe340	2ceb9712-95de-46db-9159-ba393ca35135	15062087	2026-06-11	9.30	2	18.60	19	148.50	4.1400	\N	\N	erp_sync	\N	2026-06-12 13:17:22.62454+00	2026-06-15 09:33:32.807268+00
3a24b62a-7af1-5da0-4694-53e1af2723f1	91b6bc98-4feb-4e90-a2a7-cb31e9bfe340	4c9f118b-480b-48e1-a95d-8e04de07502b	15062101	2026-06-11	5.91	2	11.82	12	63.97	-0.5800	\N	\N	erp_sync	\N	2026-06-12 13:17:22.62454+00	2026-06-15 09:33:32.807268+00
5f1252a7-6cf2-9166-a2a0-bc62f1546f1f	91b6bc98-4feb-4e90-a2a7-cb31e9bfe340	7c17e3bb-84d2-46d3-8149-71b041cbe7ce	15062188	2026-06-11	8.13	11	89.43	27	222.82	7.8100	\N	\N	erp_sync	\N	2026-06-12 13:17:22.62454+00	2026-06-15 09:33:32.807268+00
0f8d787f-dbd8-074d-a0e0-e8c6ccffd133	91b6bc98-4feb-4e90-a2a7-cb31e9bfe340	403e5e68-005d-46b4-98b1-26510525ac20	15062229	2026-06-11	6.29	5	31.46	14	93.50	3.0000	\N	\N	erp_sync	\N	2026-06-12 13:17:22.62454+00	2026-06-15 09:33:32.807268+00
87bf6322-e7b2-c469-371f-ff5aadb19b14	91b6bc98-4feb-4e90-a2a7-cb31e9bfe340	a7a713d9-ed0b-4b20-9170-6cfe44fca291	15062230	2026-06-11	6.08	6	36.47	11	69.50	2.3400	\N	\N	erp_sync	\N	2026-06-12 13:17:22.62454+00	2026-06-15 09:33:32.807268+00
6f9c1d23-234c-8523-562e-f4d2868f6cd0	91b6bc98-4feb-4e90-a2a7-cb31e9bfe340	3fdb5a55-9148-4911-a32d-bbb7eea622b5	15062253	2026-06-11	9.89	1	9.89	2	16.62	2.5400	\N	\N	erp_sync	\N	2026-06-12 13:17:22.62454+00	2026-06-15 09:33:32.807268+00
67c38eb7-8bcc-30d0-1b11-6d5881450945	91b6bc98-4feb-4e90-a2a7-cb31e9bfe340	d49ec0a4-fffe-44f1-927c-1a466e6d1233	15062265	2026-06-11	12.01	17	204.16	29	365.16	-19.7200	\N	\N	erp_sync	\N	2026-06-12 13:17:22.62454+00	2026-06-15 09:33:32.807268+00
ee047236-90d2-bb62-d8d7-8eabc2892f97	91b6bc98-4feb-4e90-a2a7-cb31e9bfe340	7328827a-e812-4426-b59a-dfb0f9645199	15062282	2026-06-11	9.69	1	9.69	2	17.20	3.2500	\N	\N	erp_sync	\N	2026-06-12 13:17:22.62454+00	2026-06-15 09:33:32.807268+00
342668f0-ef2d-ec60-5866-2e72a4ef6b6e	91b6bc98-4feb-4e90-a2a7-cb31e9bfe340	a44bbede-c89e-462c-8c80-93236365a993	15062441	2026-06-11	6.07	11	66.78	14	84.70	4.1800	\N	\N	erp_sync	\N	2026-06-12 13:17:22.62454+00	2026-06-15 09:33:32.807268+00
6aeb812d-4f41-43b6-2aee-fa086d634451	91b6bc98-4feb-4e90-a2a7-cb31e9bfe340	01082f51-f325-4251-87ed-076c73ca241e	15062513	2026-06-11	6.83	5	34.17	12	72.60	1.6000	\N	\N	erp_sync	\N	2026-06-12 13:17:22.62454+00	2026-06-15 09:33:32.807268+00
fbb077b3-1272-ccb8-f5b3-df22137036ae	91b6bc98-4feb-4e90-a2a7-cb31e9bfe340	9991ee51-201f-49a6-be9e-dc508f20fc44	15062515	2026-06-11	6.07	13	78.97	30	176.60	-5.7200	\N	\N	erp_sync	\N	2026-06-12 13:17:22.62454+00	2026-06-15 09:33:32.807268+00
d0487289-5ed7-fc77-ce7d-819f3013799f	91b6bc98-4feb-4e90-a2a7-cb31e9bfe340	8b082873-ef31-49ba-8d15-fc1c83bf1bcf	15062561	2026-06-11	5.32	12	63.84	20	114.34	8.6400	\N	\N	erp_sync	\N	2026-06-12 13:17:22.62454+00	2026-06-15 09:33:32.807268+00
d5595272-a17a-6af3-c372-2fcd99b59080	91b6bc98-4feb-4e90-a2a7-cb31e9bfe340	cc8723db-dd8e-44f3-9095-3d5e597e07dd	15062584	2026-06-11	7.34	15	110.13	21	166.25	4.6500	\N	\N	erp_sync	\N	2026-06-12 13:17:22.62454+00	2026-06-15 09:33:32.807268+00
280339ce-bb72-4851-881e-0e55385f11d6	91b6bc98-4feb-4e90-a2a7-cb31e9bfe340	610cdcbc-6f44-4a4f-9480-de23eb5ce10c	15062651	2026-06-11	13.70	0	0.00	5	68.50	0.0000	\N	\N	erp_sync	\N	2026-06-12 13:17:22.62454+00	2026-06-15 09:33:32.807268+00
678a19db-c67a-ccd9-6385-d83346a05d03	91b6bc98-4feb-4e90-a2a7-cb31e9bfe340	96916520-bf17-4e10-a835-0744a458771f	15062669	2026-06-11	5.22	24	125.16	34	175.78	1.9200	\N	\N	erp_sync	\N	2026-06-12 13:17:22.62454+00	2026-06-15 09:33:32.807268+00
ec885b04-6219-d070-4456-aeafccdb7dee	91b6bc98-4feb-4e90-a2a7-cb31e9bfe340	c93539a1-6bd7-4238-9de9-a1b853e37cca	15062746	2026-06-11	8.81	12	105.69	10	85.91	17.8800	\N	\N	erp_sync	\N	2026-06-12 13:17:22.62454+00	2026-06-15 09:33:32.807268+00
b9a6be5e-ee35-8924-bd1c-4b1030687814	91b6bc98-4feb-4e90-a2a7-cb31e9bfe340	349a4d03-7e84-4e7b-9fc2-2ec59d2eb5a7	15062818	2026-06-11	6.93	16	110.85	28	191.96	24.8000	\N	\N	erp_sync	\N	2026-06-12 13:17:22.62454+00	2026-06-15 09:33:32.807268+00
f32afbee-c797-4932-7dda-589c31a117e4	91b6bc98-4feb-4e90-a2a7-cb31e9bfe340	3a78b9f8-648b-4e7b-b8be-81d201df7030	15801616	2026-06-11	3.66	18	65.85	42	144.69	7.3800	\N	\N	erp_sync	\N	2026-06-12 13:17:22.62454+00	2026-06-15 09:33:32.807268+00
96dd747e-dd02-e9d3-cea1-4f2b529bf32c	91b6bc98-4feb-4e90-a2a7-cb31e9bfe340	8198db60-a8fb-4a03-a3fb-2b34c4a99ce5	15801623	2026-06-11	3.31	27	89.41	49	167.45	0.8100	\N	\N	erp_sync	\N	2026-06-12 13:17:22.62454+00	2026-06-15 09:33:32.807268+00
4653a4a5-7a67-66d0-caf6-f1b7521999d3	91b6bc98-4feb-4e90-a2a7-cb31e9bfe340	f556f3a7-5372-4a89-a27a-549e83f2c2da	15810372	2026-06-11	8.90	0	0.00	2	17.80	0.0000	\N	\N	erp_sync	\N	2026-06-12 13:17:22.62454+00	2026-06-15 09:33:32.807268+00
f9774dca-cb33-f764-b2a5-0af47d168d55	91b6bc98-4feb-4e90-a2a7-cb31e9bfe340	cef81128-8e72-4ec6-b770-513668b8346d	15810735	2026-06-11	8.59	8	68.71	28	261.01	-14.6400	\N	\N	erp_sync	\N	2026-06-12 13:17:22.62454+00	2026-06-15 09:33:32.807268+00
2e9d3015-998a-29bb-2589-b40a97583403	91b6bc98-4feb-4e90-a2a7-cb31e9bfe340	e6530089-2d5c-4f53-a130-29285493f07c	15810975	2026-06-11	10.39	31	322.04	47	506.35	3.4100	\N	\N	erp_sync	\N	2026-06-12 13:17:22.62454+00	2026-06-15 09:33:32.807268+00
c062b38b-8a49-b69b-a195-3de8372ebac6	91b6bc98-4feb-4e90-a2a7-cb31e9bfe340	6acb3694-7dcc-4a58-82d1-635eb7e64081	15811085	2026-06-11	6.34	14	88.72	29	184.10	-3.3600	\N	\N	erp_sync	\N	2026-06-12 13:17:22.62454+00	2026-06-15 09:33:32.807268+00
3019c764-9ed9-3bad-a8ca-36a57b3c8165	91b6bc98-4feb-4e90-a2a7-cb31e9bfe340	908bbea3-dbf4-41a3-8c97-4e9ce9744637	16939442	2026-06-11	7.09	2	14.18	2	13.59	4.2600	\N	\N	erp_sync	\N	2026-06-12 13:17:22.62454+00	2026-06-15 09:33:32.807268+00
54cf4a6f-ac2e-5ace-7b00-c1b66c6b01cf	91b6bc98-4feb-4e90-a2a7-cb31e9bfe340	1c70a5bb-21a0-45ab-9791-8eb730c40637	23061399	2026-06-11	9.44	1	9.44	6	33.25	3.2400	\N	\N	erp_sync	\N	2026-06-12 13:17:22.62454+00	2026-06-15 09:33:32.807268+00
5e0ee03b-891d-c6d1-bf28-a764392244fa	91b6bc98-4feb-4e90-a2a7-cb31e9bfe340	4ff3d2ea-c845-4b76-b34b-28d503181914	80643401	2026-06-11	9.90	0	0.00	1	9.90	0.0000	\N	\N	erp_sync	\N	2026-06-12 13:17:22.62454+00	2026-06-15 09:33:32.807268+00
00e836ee-1574-d814-2c79-158df6fc13c4	8113166a-a7d3-4a94-a4d9-9c1f38049250	df0f597d-94d3-4c37-8a66-9c6e06ee578b	03034078	2026-06-11	5.05	4	20.21	17	72.00	6.0400	\N	\N	erp_sync	\N	2026-06-12 13:17:22.62454+00	2026-06-15 09:33:32.807268+00
9420eda2-6b64-af59-4a34-680ba084a849	8113166a-a7d3-4a94-a4d9-9c1f38049250	d934a3c1-e972-4da4-b90d-60bf66429873	03034090	2026-06-11	3.46	1	3.46	10	32.50	1.0400	\N	\N	erp_sync	\N	2026-06-12 13:17:22.62454+00	2026-06-15 09:33:32.807268+00
f749c09d-90a4-86ff-e59a-33d55d298200	8113166a-a7d3-4a94-a4d9-9c1f38049250	292a5399-1c87-40b7-9ba0-ff8aeaee2a67	03034091	2026-06-11	4.22	2	8.43	12	39.50	2.5400	\N	\N	erp_sync	\N	2026-06-12 13:17:22.62454+00	2026-06-15 09:33:32.807268+00
f502f208-fe61-9fe7-f5ce-7e8e6514043d	8113166a-a7d3-4a94-a4d9-9c1f38049250	97daa51d-f764-4fa3-843f-6ac4d2a2aab4	03034097	2026-06-11	3.00	12	35.95	20	69.00	10.8000	\N	\N	erp_sync	\N	2026-06-12 13:17:22.62454+00	2026-06-15 09:33:32.807268+00
a8b279b9-7485-fc6c-b9e4-9da6c39c0c4e	8113166a-a7d3-4a94-a4d9-9c1f38049250	603e8e83-93a4-48e6-868a-463041258c1b	03918654	2026-06-11	6.79	4	27.17	10	73.32	1.6800	\N	\N	erp_sync	\N	2026-06-12 13:17:22.62454+00	2026-06-15 09:33:32.807268+00
451c4d70-51f1-1080-17c8-08a9de0a9fc1	8113166a-a7d3-4a94-a4d9-9c1f38049250	aaed5205-0b79-4812-826b-b473c1d59adf	06000053	2026-06-11	8.10	1	8.10	11	71.50	2.4300	\N	\N	erp_sync	\N	2026-06-12 13:17:22.62454+00	2026-06-15 09:33:32.807268+00
5e466704-4d5d-4323-dea4-58211c0d1439	8113166a-a7d3-4a94-a4d9-9c1f38049250	4ce8c077-6df0-4f06-9b0e-eb5cb0ee43a3	06000286	2026-06-11	2.93	3	8.79	14	42.00	2.6400	\N	\N	erp_sync	\N	2026-06-12 13:17:22.62454+00	2026-06-15 09:33:32.807268+00
50f5e5b4-30bc-cf8e-1e71-fe55c2a047ac	8113166a-a7d3-4a94-a4d9-9c1f38049250	35107002-4851-4ada-bd54-df3864cdad4a	06000296	2026-06-11	4.73	3	14.19	10	50.09	4.2600	\N	\N	erp_sync	\N	2026-06-12 13:17:22.62454+00	2026-06-15 09:33:32.807268+00
b3431485-b05f-4e85-a482-89643b7af634	8113166a-a7d3-4a94-a4d9-9c1f38049250	99a0bbd9-67ea-4991-b234-028ddc4bce8c	06000303	2026-06-11	2.82	7	19.73	38	110.20	5.9500	\N	\N	erp_sync	\N	2026-06-12 13:17:22.62454+00	2026-06-15 09:33:32.807268+00
ab18f646-1459-e419-df68-80c6b3f2eca0	8113166a-a7d3-4a94-a4d9-9c1f38049250	91ba7697-e08b-4ee2-8c83-47fa76f11a35	06000312	2026-06-11	4.51	3	13.52	21	96.60	4.0500	\N	\N	erp_sync	\N	2026-06-12 13:17:22.62454+00	2026-06-15 09:33:32.807268+00
5ca0356f-dead-d431-a2d6-cb3daa1a07e6	8113166a-a7d3-4a94-a4d9-9c1f38049250	3f6ead78-acf5-489c-a073-6e5abb80c2ea	06000313	2026-06-11	3.84	16	61.47	53	206.70	18.4000	\N	\N	erp_sync	\N	2026-06-12 13:17:22.62454+00	2026-06-15 09:33:32.807268+00
2ab160d4-575f-3704-42ff-2a20701e3311	8113166a-a7d3-4a94-a4d9-9c1f38049250	dfb4ca1b-e4d8-4990-8694-0b35461dd0ae	06000365	2026-06-11	5.63	1	5.63	5	25.00	1.6900	\N	\N	erp_sync	\N	2026-06-12 13:17:22.62454+00	2026-06-15 09:33:32.807268+00
4c69484d-e20f-fcc2-8525-3f1ac927d915	8113166a-a7d3-4a94-a4d9-9c1f38049250	75bd86df-b14b-4a4e-804e-1f56492ef671	06000377	2026-06-11	3.40	2	6.79	12	52.91	2.0400	\N	\N	erp_sync	\N	2026-06-12 13:17:22.62454+00	2026-06-15 09:33:32.807268+00
15f086a6-f4f2-d8f6-4d79-90d2cc7516e2	8113166a-a7d3-4a94-a4d9-9c1f38049250	af556d0a-0146-4df4-9736-dab10bbb8276	06000491	2026-06-11	3.44	3	10.33	14	68.20	3.0900	\N	\N	erp_sync	\N	2026-06-12 13:17:22.62454+00	2026-06-15 09:33:32.807268+00
8947e301-ed1a-6510-1f59-377d73108686	8113166a-a7d3-4a94-a4d9-9c1f38049250	47c3f9d6-d6bd-4d6e-a130-eeb235a94ca7	06000550	2026-06-11	5.50	0	0.00	3	16.50	0.0000	\N	\N	erp_sync	\N	2026-06-12 13:17:22.62454+00	2026-06-15 09:33:32.807268+00
ce0ac944-c76e-093d-9a31-b875fcfd511f	8113166a-a7d3-4a94-a4d9-9c1f38049250	7b4ed169-7e8b-4bde-bf58-0f3a5f0a425b	06000557	2026-06-11	4.75	7	33.27	35	175.00	9.9400	\N	\N	erp_sync	\N	2026-06-12 13:17:22.62454+00	2026-06-15 09:33:32.807268+00
208f7d96-ab7c-563b-8401-8ea9b41115f0	8113166a-a7d3-4a94-a4d9-9c1f38049250	a5d71638-8246-41e4-a364-7c3625e3eae7	06000705	2026-06-11	4.26	5	21.30	28	109.20	6.4000	\N	\N	erp_sync	\N	2026-06-12 13:17:22.62454+00	2026-06-15 09:33:32.807268+00
a9bc507b-4f67-d1a4-470b-c618843af53e	8113166a-a7d3-4a94-a4d9-9c1f38049250	9ddc84c3-c4fe-4227-805d-aa48577d41df	06000730	2026-06-11	6.73	1	6.73	4	26.00	2.0200	\N	\N	erp_sync	\N	2026-06-12 13:17:22.62454+00	2026-06-15 09:33:32.807268+00
bf6c7218-92b0-15bd-9fc4-4810e65a67c6	8113166a-a7d3-4a94-a4d9-9c1f38049250	95f8f6b4-4eb7-403e-b463-faa0b3532747	06000753	2026-06-11	5.52	11	60.75	34	185.49	18.2600	\N	\N	erp_sync	\N	2026-06-12 13:17:22.62454+00	2026-06-15 09:33:32.807268+00
821ad5c0-2fef-1cba-27b6-3e6cacaca3fe	8113166a-a7d3-4a94-a4d9-9c1f38049250	3a62d27a-7662-4d55-bb62-192619819edf	06000796	2026-06-11	6.73	2	13.45	10	60.00	4.0400	\N	\N	erp_sync	\N	2026-06-12 13:17:22.62454+00	2026-06-15 09:33:32.807268+00
59aab295-f59c-0391-a881-deee6b370ad2	8113166a-a7d3-4a94-a4d9-9c1f38049250	dd5e2287-22f0-4018-884f-b43c24a602e2	06000814	2026-06-11	5.32	5	26.62	9	49.50	8.0000	\N	\N	erp_sync	\N	2026-06-12 13:17:22.62454+00	2026-06-15 09:33:32.807268+00
b2de4cfa-74b5-7af3-89fc-0e3e21b386b4	8113166a-a7d3-4a94-a4d9-9c1f38049250	2f0b272c-098f-496d-90e1-0beae9a6fa59	06000835	2026-06-11	5.00	0	0.00	6	30.00	0.0000	\N	\N	erp_sync	\N	2026-06-12 13:17:22.62454+00	2026-06-15 09:33:32.807268+00
bd2f3c76-d75c-0b4e-416b-c06279467074	8113166a-a7d3-4a94-a4d9-9c1f38049250	2b718b5a-63e2-44de-a48c-93ec1e2e55f7	06000857	2026-06-11	9.90	0	0.00	1	9.90	0.0000	\N	\N	erp_sync	\N	2026-06-12 13:17:22.62454+00	2026-06-15 09:33:32.807268+00
3f271eb1-4170-2e1a-8867-5d50ce106735	8113166a-a7d3-4a94-a4d9-9c1f38049250	5bef160a-70e9-4a76-abee-a192455d88dc	06000964	2026-06-11	3.13	11	34.40	14	42.00	10.3400	\N	\N	erp_sync	\N	2026-06-12 13:17:22.62454+00	2026-06-15 09:33:32.807268+00
d38fce1f-ac3c-c3e7-9d20-976564bef5bb	8113166a-a7d3-4a94-a4d9-9c1f38049250	930f2e35-0cf1-455e-acde-5166de1ee71a	06000985	2026-06-11	4.57	5	22.86	18	88.67	6.8500	\N	\N	erp_sync	\N	2026-06-12 13:17:22.62454+00	2026-06-15 09:33:32.807268+00
1d452c9f-6f20-d6d2-3f2b-78d8550a695d	8113166a-a7d3-4a94-a4d9-9c1f38049250	3f2a878a-a145-4bb2-92d6-68a2201b40fa	06000997	2026-06-11	5.71	1	5.71	5	24.50	1.7100	\N	\N	erp_sync	\N	2026-06-12 13:17:22.62454+00	2026-06-15 09:33:32.807268+00
ebfa91d2-850f-94ed-80ce-c66dbe4b1aeb	8113166a-a7d3-4a94-a4d9-9c1f38049250	b39cb172-f202-4b1c-bc98-738089f73a4f	06001032	2026-06-11	4.30	7	30.12	16	75.64	9.0300	\N	\N	erp_sync	\N	2026-06-12 13:17:22.62454+00	2026-06-15 09:33:32.807268+00
4901e1f5-7fa9-4494-d749-9b470efd1a1c	8113166a-a7d3-4a94-a4d9-9c1f38049250	14bb412c-e38b-4f31-827b-1ee2f174c539	06001038	2026-06-11	3.17	2	6.34	10	38.00	1.9000	\N	\N	erp_sync	\N	2026-06-12 13:17:22.62454+00	2026-06-15 09:33:32.807268+00
ae30e59f-e911-2e4a-192b-d9f4693b7078	8113166a-a7d3-4a94-a4d9-9c1f38049250	69d243b4-c549-4010-9c18-2d9948afdeae	06001043	2026-06-11	2.73	0	0.00	11	30.01	0.0000	\N	\N	erp_sync	\N	2026-06-12 13:17:22.62454+00	2026-06-15 09:33:32.807268+00
bfe96d6d-2268-fdc0-dae8-543549ba20a7	8113166a-a7d3-4a94-a4d9-9c1f38049250	102f0164-ae6c-4429-ac52-1f0475878bd1	06001067	2026-06-11	4.71	4	18.82	11	53.16	5.6400	\N	\N	erp_sync	\N	2026-06-12 13:17:22.62454+00	2026-06-15 09:33:32.807268+00
e9b11228-bba2-f028-2aa3-21298829a167	8113166a-a7d3-4a94-a4d9-9c1f38049250	6eca85dd-84b4-4acf-a99b-69ef8ecfa1f2	06001093	2026-06-11	3.95	21	82.98	33	132.00	24.7800	\N	\N	erp_sync	\N	2026-06-12 13:17:22.62454+00	2026-06-15 09:33:32.807268+00
474af8f5-b8ae-184d-fde8-7a3ba534834d	8113166a-a7d3-4a94-a4d9-9c1f38049250	115e939d-a87f-4f76-93bc-327c25f0f36a	06001099	2026-06-11	3.88	13	50.42	32	126.89	15.0800	\N	\N	erp_sync	\N	2026-06-12 13:17:22.62454+00	2026-06-15 09:33:32.807268+00
3c362ba6-5de3-2aa6-fa25-821d34d914d6	8113166a-a7d3-4a94-a4d9-9c1f38049250	266d3cad-2535-4632-8a88-b1d737bd7cbb	06001115	2026-06-11	7.19	1	7.19	3	14.70	2.1600	\N	\N	erp_sync	\N	2026-06-12 13:17:22.62454+00	2026-06-15 09:33:32.807268+00
565f2d7f-1cd2-9421-407e-e62b46e168e9	8113166a-a7d3-4a94-a4d9-9c1f38049250	bf58e2ef-fce9-439d-a6d0-09eb31ca9ecb	06001122	2026-06-11	5.00	0	0.00	7	35.00	0.0000	\N	\N	erp_sync	\N	2026-06-12 13:17:22.62454+00	2026-06-15 09:33:32.807268+00
316eac26-6efa-7c7e-6744-c858b74ebac3	8113166a-a7d3-4a94-a4d9-9c1f38049250	3d7464e8-ef21-4b94-bc04-cc7357f590f8	06001136	2026-06-11	5.36	2	10.71	7	34.30	3.2200	\N	\N	erp_sync	\N	2026-06-12 13:17:22.62454+00	2026-06-15 09:33:32.807268+00
9d87ef02-eb02-fb01-bd69-666f6beda0c9	8113166a-a7d3-4a94-a4d9-9c1f38049250	12541b20-d83b-4692-889f-f72d3e6a8be9	06001441	2026-06-11	2.84	9	25.58	32	95.64	7.6500	\N	\N	erp_sync	\N	2026-06-12 13:17:22.62454+00	2026-06-15 09:33:32.807268+00
b61d5264-bc4b-3248-a44f-9e5329604ec2	8113166a-a7d3-4a94-a4d9-9c1f38049250	386ce083-6966-42d9-b4db-3f698170f5d0	06001458	2026-06-11	1.72	1	1.72	13	19.50	0.5200	\N	\N	erp_sync	\N	2026-06-12 13:17:22.62454+00	2026-06-15 09:33:32.807268+00
dec08146-9ec6-6dc1-ca27-b917daea1556	8113166a-a7d3-4a94-a4d9-9c1f38049250	afa7fe61-af05-4c41-96ec-ffc0d5941f0d	06001475	2026-06-11	4.96	3	14.88	7	34.30	4.4700	\N	\N	erp_sync	\N	2026-06-12 13:17:22.62454+00	2026-06-15 09:33:32.807268+00
ef7366fb-a854-824b-edb5-967bff15ba2d	8113166a-a7d3-4a94-a4d9-9c1f38049250	dbdd29d3-9b58-43b2-b458-ea94accf4815	06001498	2026-06-11	12.59	1	12.59	1	9.90	3.7800	\N	\N	erp_sync	\N	2026-06-12 13:17:22.62454+00	2026-06-15 09:33:32.807268+00
0eb64e7a-074e-09fa-fe26-d59bacb0bb08	8113166a-a7d3-4a94-a4d9-9c1f38049250	6139ac71-8183-461f-89a7-a0093ecb61e3	06001516	2026-06-11	10.27	2	20.53	2	19.80	6.1600	\N	\N	erp_sync	\N	2026-06-12 13:17:22.62454+00	2026-06-15 09:33:32.807268+00
d78a4a08-1d4e-fb18-98d5-f1196889116a	8113166a-a7d3-4a94-a4d9-9c1f38049250	3cd2c710-20e3-4cae-a70a-3ffd28548b30	06009075	2026-06-11	4.80	20	95.94	34	166.60	28.8000	\N	\N	erp_sync	\N	2026-06-12 13:17:22.62454+00	2026-06-15 09:33:32.807268+00
67217a15-b609-eff6-83bf-d0d9f31ced65	8113166a-a7d3-4a94-a4d9-9c1f38049250	95c27274-25c9-4e6f-8b26-1b05db56fa86	07002793	2026-06-11	4.41	3	13.23	15	70.75	1.8300	\N	\N	erp_sync	\N	2026-06-12 13:17:22.62454+00	2026-06-15 09:33:32.807268+00
ee827a0f-1c11-7701-cfa7-b15f5a320810	8113166a-a7d3-4a94-a4d9-9c1f38049250	82f02b05-4bcf-494d-b147-bb95d9c330f6	07307034	2026-06-11	11.54	2	23.08	10	91.98	6.1400	\N	\N	erp_sync	\N	2026-06-12 13:17:22.62454+00	2026-06-15 09:33:32.807268+00
f4f20806-da38-dca4-5d49-b013008bf5db	8113166a-a7d3-4a94-a4d9-9c1f38049250	d2384e85-ced6-4fa1-b05f-63cf79e2c120	07307041	2026-06-11	8.12	2	16.23	9	80.52	-0.7000	\N	\N	erp_sync	\N	2026-06-12 13:17:22.62454+00	2026-06-15 09:33:32.807268+00
4b432ee8-c4f6-58cf-4265-c0a4177a275e	8113166a-a7d3-4a94-a4d9-9c1f38049250	1c727447-ee42-478f-90e4-1acd11ebb33c	10011485	2026-06-11	8.13	1	8.13	1	10.50	2.4400	\N	\N	erp_sync	\N	2026-06-12 13:17:22.62454+00	2026-06-15 09:33:32.807268+00
0572c019-5b8b-5800-90ae-bbe1148a5d7f	8113166a-a7d3-4a94-a4d9-9c1f38049250	4ca810e9-f4e4-4cb9-830d-fb843bc5491d	10015582	2026-06-11	3.94	4	15.76	18	76.82	4.7200	\N	\N	erp_sync	\N	2026-06-12 13:17:22.62454+00	2026-06-15 09:33:32.807268+00
1e604798-de9c-de6b-fef8-b172199abc7b	8113166a-a7d3-4a94-a4d9-9c1f38049250	315f2d43-14ea-4ec0-8cdd-582be9c28bf3	10089910	2026-06-11	8.38	3	25.14	5	50.00	7.5300	\N	\N	erp_sync	\N	2026-06-12 13:17:22.62454+00	2026-06-15 09:33:32.807268+00
a04ac8ca-98e8-342f-53fb-ed6419b86a11	8113166a-a7d3-4a94-a4d9-9c1f38049250	6dce3d5b-f47c-47cd-a175-9a3a3389ad8d	10170913	2026-06-11	5.87	6	35.21	9	51.00	10.5600	\N	\N	erp_sync	\N	2026-06-12 13:17:22.62454+00	2026-06-15 09:33:32.807268+00
82718e6f-82e6-3c9a-ef4a-6bf09df3a5eb	8113166a-a7d3-4a94-a4d9-9c1f38049250	21f536c4-78fb-4923-86cb-996eddc3b3fd	10180618	2026-06-11	6.39	1	6.39	5	25.00	1.9200	\N	\N	erp_sync	\N	2026-06-12 13:17:22.62454+00	2026-06-15 09:33:32.807268+00
63226afd-26f7-d172-8047-52467ed6c06a	8113166a-a7d3-4a94-a4d9-9c1f38049250	825fe563-68cc-4c24-912d-b328ce0c382b	10190265	2026-06-11	4.45	8	35.63	8	36.00	10.6400	\N	\N	erp_sync	\N	2026-06-12 13:17:22.62454+00	2026-06-15 09:33:32.807268+00
6a881f85-6e0c-2777-dca2-153a916cc595	8113166a-a7d3-4a94-a4d9-9c1f38049250	26cb9dcb-27c1-47d6-b878-78ff718b83b7	15020086	2026-06-11	7.55	5	37.74	15	115.56	1.0000	\N	\N	erp_sync	\N	2026-06-12 13:17:22.62454+00	2026-06-15 09:33:32.807268+00
01dda0e5-537c-0888-b24b-f8ec84494678	8113166a-a7d3-4a94-a4d9-9c1f38049250	e6f77d75-5288-46f3-8034-0694f0d87b85	15020599	2026-06-11	5.56	14	77.89	31	173.75	10.6400	\N	\N	erp_sync	\N	2026-06-12 13:17:22.62454+00	2026-06-15 09:33:32.807268+00
5817a34f-4c88-9809-6ebe-5fabc3a72103	8113166a-a7d3-4a94-a4d9-9c1f38049250	c482792b-d8d0-410d-a04f-a664461a7aaf	15020611	2026-06-11	6.06	4	24.24	10	47.75	5.4400	\N	\N	erp_sync	\N	2026-06-12 13:17:22.62454+00	2026-06-15 09:33:32.807268+00
088e8cb9-00ef-07aa-ed04-df528510be11	8113166a-a7d3-4a94-a4d9-9c1f38049250	af3d29a0-f52a-4caa-b66b-8820c4fafa2b	15029808	2026-06-11	3.86	3	11.59	9	51.66	-8.8800	\N	\N	erp_sync	\N	2026-06-12 13:17:22.62454+00	2026-06-15 09:33:32.807268+00
c579b630-5133-583e-84dd-54f57319a03c	8113166a-a7d3-4a94-a4d9-9c1f38049250	1f79a2ca-838e-47b0-b26b-47b8af66fa7c	15040367	2026-06-11	5.43	22	119.44	38	209.07	13.8600	\N	\N	erp_sync	\N	2026-06-12 13:17:22.62454+00	2026-06-15 09:33:32.807268+00
b5e0f3c1-12b9-e8ce-b8e4-71062557eb7e	8113166a-a7d3-4a94-a4d9-9c1f38049250	1d15c5c7-2e47-4e99-9f2a-a55bc473e53f	15040406	2026-06-11	5.78	5	28.89	16	101.00	-2.1000	\N	\N	erp_sync	\N	2026-06-12 13:17:22.62454+00	2026-06-15 09:33:32.807268+00
f2dd43ca-be15-33a3-fda6-14a8c1a93de0	8113166a-a7d3-4a94-a4d9-9c1f38049250	a8c7c45a-195f-4d96-8c3e-56603c4279bf	15040978	2026-06-11	7.63	8	61.00	23	179.16	9.5200	\N	\N	erp_sync	\N	2026-06-12 13:17:22.62454+00	2026-06-15 09:33:32.807268+00
267cc025-3252-ad93-880a-1e6f3b642048	8113166a-a7d3-4a94-a4d9-9c1f38049250	58db432a-7df5-46f3-b91c-987cf9f507ad	15040992	2026-06-11	7.41	10	74.11	21	150.50	9.7000	\N	\N	erp_sync	\N	2026-06-12 13:17:22.62454+00	2026-06-15 09:33:32.807268+00
2cf7aeab-255d-bd69-29b7-be497530653a	8113166a-a7d3-4a94-a4d9-9c1f38049250	6c5c554d-86fa-4d4a-988b-9eda4282f2a4	15041203	2026-06-11	10.53	1	10.53	13	121.50	3.4100	\N	\N	erp_sync	\N	2026-06-12 13:17:22.62454+00	2026-06-15 09:33:32.807268+00
e2337490-bc38-75e8-cdfe-0b9e51256011	8113166a-a7d3-4a94-a4d9-9c1f38049250	30101bde-8b4a-4439-a36a-08f9b1535e28	15041289	2026-06-11	8.04	2	16.07	14	96.71	1.3800	\N	\N	erp_sync	\N	2026-06-12 13:17:22.62454+00	2026-06-15 09:33:32.807268+00
84a340ff-71aa-40ed-0f47-9fa662f6a2c2	8113166a-a7d3-4a94-a4d9-9c1f38049250	41f4c369-a3e1-4151-a33e-8b63a0051214	15061188	2026-06-11	5.76	14	80.65	46	267.20	-12.7400	\N	\N	erp_sync	\N	2026-06-12 13:17:22.62454+00	2026-06-15 09:33:32.807268+00
a7243edd-e412-cf64-4c6c-62cd142c397b	8113166a-a7d3-4a94-a4d9-9c1f38049250	ef6a4184-317e-4c55-81ed-7d39a152d838	15061206	2026-06-11	10.04	0	0.00	10	100.40	0.0000	\N	\N	erp_sync	\N	2026-06-12 13:17:22.62454+00	2026-06-15 09:33:32.807268+00
a6a79514-937a-d4c6-f243-17ff8ed7436f	8113166a-a7d3-4a94-a4d9-9c1f38049250	9989f7a1-d9b6-414b-8f66-673f0fbae114	15061275	2026-06-11	13.27	12	159.27	15	192.00	48.6000	\N	\N	erp_sync	\N	2026-06-12 13:17:22.62454+00	2026-06-15 09:33:32.807268+00
0bab9056-6860-5aa0-113e-bbed0284f218	8113166a-a7d3-4a94-a4d9-9c1f38049250	16c972f8-3269-48e7-bb1b-d8b028bd6365	15061276	2026-06-11	6.50	0	0.00	5	32.50	0.0000	\N	\N	erp_sync	\N	2026-06-12 13:17:22.62454+00	2026-06-15 09:33:32.807268+00
ec72b57c-9e6d-3b77-d7e9-56e328e06371	8113166a-a7d3-4a94-a4d9-9c1f38049250	516b4333-ceea-404b-8a67-722219250b74	15061319	2026-06-11	9.48	0	0.00	2	18.95	0.0000	\N	\N	erp_sync	\N	2026-06-12 13:17:22.62454+00	2026-06-15 09:33:32.807268+00
b7fe6bc0-f11e-c399-42d6-e8720d2b35f4	8113166a-a7d3-4a94-a4d9-9c1f38049250	ef00094f-27cc-4353-8b5f-f047bfedfdfa	15061421	2026-06-11	9.27	27	250.32	69	652.08	49.9500	\N	\N	erp_sync	\N	2026-06-12 13:17:22.62454+00	2026-06-15 09:33:32.807268+00
d34c331f-4f50-44c0-a0b3-bf20688ae85e	8113166a-a7d3-4a94-a4d9-9c1f38049250	18ceaf65-128d-492e-ba0c-1b7fcf4ff462	15061432	2026-06-11	4.02	30	120.50	81	375.92	9.6000	\N	\N	erp_sync	\N	2026-06-12 13:17:22.62454+00	2026-06-15 09:33:32.807268+00
f8b4b6a3-5f25-db17-c23b-6066469954fb	8113166a-a7d3-4a94-a4d9-9c1f38049250	9be00ca5-96b5-41e1-a6fa-17c00622992c	15061438	2026-06-11	4.97	4	19.88	20	123.98	0.6800	\N	\N	erp_sync	\N	2026-06-12 13:17:22.62454+00	2026-06-15 09:33:32.807268+00
c7d8b6e8-b857-35e3-b83f-3742e84507ad	8113166a-a7d3-4a94-a4d9-9c1f38049250	c9c9c61c-e535-4cc8-b968-ce3d73aa6d41	15061445	2026-06-11	6.17	5	30.87	10	55.66	3.5000	\N	\N	erp_sync	\N	2026-06-12 13:17:22.62454+00	2026-06-15 09:33:32.807268+00
8d7ede52-4204-b8be-19c2-6ed0740b8a45	8113166a-a7d3-4a94-a4d9-9c1f38049250	f372a716-4d30-48fe-ac08-c3f9b3d72202	15061494	2026-06-11	5.97	6	35.80	12	72.33	8.8200	\N	\N	erp_sync	\N	2026-06-12 13:17:22.62454+00	2026-06-15 09:33:32.807268+00
397a0b96-3d67-69b7-93c1-18475cb393ab	8113166a-a7d3-4a94-a4d9-9c1f38049250	6e654c7e-de20-4ff8-a2f7-b552ea0f90f5	15061500	2026-06-11	9.25	3	27.74	12	88.41	5.7000	\N	\N	erp_sync	\N	2026-06-12 13:17:22.62454+00	2026-06-15 09:33:32.807268+00
8d00c5d8-3cd8-e8b1-aefd-fd48ee56aa78	8113166a-a7d3-4a94-a4d9-9c1f38049250	0b0fdac1-955d-4d38-9f0d-704ccca6be6d	15061641	2026-06-11	5.22	11	57.39	41	247.80	1.2100	\N	\N	erp_sync	\N	2026-06-12 13:17:22.62454+00	2026-06-15 09:33:32.807268+00
899927e2-ac69-8514-2c9e-ef46ac78098a	8113166a-a7d3-4a94-a4d9-9c1f38049250	d21990ba-d8a9-44ba-884c-0ea8195552d7	15061819	2026-06-11	6.15	7	43.07	14	80.04	9.4500	\N	\N	erp_sync	\N	2026-06-12 13:17:22.62454+00	2026-06-15 09:33:32.807268+00
1c4e56f7-24d8-da28-c7a8-4567231d00f6	8113166a-a7d3-4a94-a4d9-9c1f38049250	02a4ec96-4401-4383-b31a-14fd7e3c8b09	15061847	2026-06-11	12.47	6	74.80	8	108.00	14.1000	\N	\N	erp_sync	\N	2026-06-12 13:17:22.62454+00	2026-06-15 09:33:32.807268+00
8778a009-2742-661e-fbd3-4511b64a5cf4	8113166a-a7d3-4a94-a4d9-9c1f38049250	2bb00d2d-3fb1-4bc4-ac75-7c00e496d48c	15062045	2026-06-11	5.87	13	76.32	21	120.95	13.9100	\N	\N	erp_sync	\N	2026-06-12 13:17:22.62454+00	2026-06-15 09:33:32.807268+00
f644e478-72a4-9bd1-a7cc-7dd97cdde156	8113166a-a7d3-4a94-a4d9-9c1f38049250	2ceb9712-95de-46db-9159-ba393ca35135	15062087	2026-06-11	8.66	0	0.00	4	34.65	0.0000	\N	\N	erp_sync	\N	2026-06-12 13:17:22.62454+00	2026-06-15 09:33:32.807268+00
24628a23-cfd2-7ef2-d411-38ae019f098a	8113166a-a7d3-4a94-a4d9-9c1f38049250	4c9f118b-480b-48e1-a95d-8e04de07502b	15062101	2026-06-11	6.46	3	19.37	8	47.52	0.7800	\N	\N	erp_sync	\N	2026-06-12 13:17:22.62454+00	2026-06-15 09:33:32.807268+00
7caaeadd-2503-b7cd-85e3-2f61c69af804	8113166a-a7d3-4a94-a4d9-9c1f38049250	9f23f2e9-f2b1-4830-9da1-08a810a4e368	15062180	2026-06-11	16.88	6	101.26	21	255.75	32.2800	\N	\N	erp_sync	\N	2026-06-12 13:17:22.62454+00	2026-06-15 09:33:32.807268+00
7c049d0d-8543-b65d-ed7f-0db0fda383bd	8113166a-a7d3-4a94-a4d9-9c1f38049250	7c17e3bb-84d2-46d3-8149-71b041cbe7ce	15062188	2026-06-11	8.10	12	97.20	26	221.50	8.1600	\N	\N	erp_sync	\N	2026-06-12 13:17:22.62454+00	2026-06-15 09:33:32.807268+00
a10f0dc9-084e-5afb-9a59-397e1cc997d5	8113166a-a7d3-4a94-a4d9-9c1f38049250	403e5e68-005d-46b4-98b1-26510525ac20	15062229	2026-06-11	7.39	2	14.78	5	34.20	3.4000	\N	\N	erp_sync	\N	2026-06-12 13:17:22.62454+00	2026-06-15 09:33:32.807268+00
948790da-6e08-49e3-6929-c15ac6495c19	8113166a-a7d3-4a94-a4d9-9c1f38049250	a7a713d9-ed0b-4b20-9170-6cfe44fca291	15062230	2026-06-11	5.02	2	10.03	3	21.00	-1.3400	\N	\N	erp_sync	\N	2026-06-12 13:17:22.62454+00	2026-06-15 09:33:32.807268+00
0e5d2b21-b2b7-837e-ed21-03923d6af483	8113166a-a7d3-4a94-a4d9-9c1f38049250	3fdb5a55-9148-4911-a32d-bbb7eea622b5	15062253	2026-06-11	7.41	4	29.65	21	168.54	0.2400	\N	\N	erp_sync	\N	2026-06-12 13:17:22.62454+00	2026-06-15 09:33:32.807268+00
8b438961-5221-7db8-d0f8-237075e9f98c	8113166a-a7d3-4a94-a4d9-9c1f38049250	d49ec0a4-fffe-44f1-927c-1a466e6d1233	15062265	2026-06-11	9.94	11	109.37	47	502.80	-35.5300	\N	\N	erp_sync	\N	2026-06-12 13:17:22.62454+00	2026-06-15 09:33:32.807268+00
d42ea4f6-7f27-dbac-0c32-9f477c13f979	8113166a-a7d3-4a94-a4d9-9c1f38049250	7328827a-e812-4426-b59a-dfb0f9645199	15062282	2026-06-11	8.25	2	16.50	11	74.78	3.6200	\N	\N	erp_sync	\N	2026-06-12 13:17:22.62454+00	2026-06-15 09:33:32.807268+00
50bcef3d-1467-6bc7-810e-6eee910d4b6b	8113166a-a7d3-4a94-a4d9-9c1f38049250	a44bbede-c89e-462c-8c80-93236365a993	15062441	2026-06-11	5.89	1	5.89	2	13.20	0.2000	\N	\N	erp_sync	\N	2026-06-12 13:17:22.62454+00	2026-06-15 09:33:32.807268+00
cdc06859-06c9-931a-41c9-6d7871250ded	8113166a-a7d3-4a94-a4d9-9c1f38049250	01082f51-f325-4251-87ed-076c73ca241e	15062513	2026-06-11	5.88	1	5.88	5	33.80	-0.6300	\N	\N	erp_sync	\N	2026-06-12 13:17:22.62454+00	2026-06-15 09:33:32.807268+00
e5f9da26-d028-2612-d0fe-cad944a9e625	8113166a-a7d3-4a94-a4d9-9c1f38049250	fded75c8-e06d-4a00-9042-f01a8d567873	15062514	2026-06-11	7.56	2	15.11	9	52.00	2.1000	\N	\N	erp_sync	\N	2026-06-12 13:17:22.62454+00	2026-06-15 09:33:32.807268+00
e40ad254-289e-ea16-d753-d3876ca8d700	8113166a-a7d3-4a94-a4d9-9c1f38049250	9991ee51-201f-49a6-be9e-dc508f20fc44	15062515	2026-06-11	7.40	3	22.19	16	100.80	2.6700	\N	\N	erp_sync	\N	2026-06-12 13:17:22.62454+00	2026-06-15 09:33:32.807268+00
76efe0b8-417a-e138-e705-983d7b25185e	8113166a-a7d3-4a94-a4d9-9c1f38049250	8b082873-ef31-49ba-8d15-fc1c83bf1bcf	15062561	2026-06-11	5.69	39	222.09	53	302.95	42.5100	\N	\N	erp_sync	\N	2026-06-12 13:17:22.62454+00	2026-06-15 09:33:32.807268+00
5b976c57-90e3-66b7-8909-fcd7f0273d42	8113166a-a7d3-4a94-a4d9-9c1f38049250	cc8723db-dd8e-44f3-9095-3d5e597e07dd	15062584	2026-06-11	8.11	5	40.57	12	99.75	5.4000	\N	\N	erp_sync	\N	2026-06-12 13:17:22.62454+00	2026-06-15 09:33:32.807268+00
07a18cbe-2f74-2d0b-c465-829ce8c64d49	8113166a-a7d3-4a94-a4d9-9c1f38049250	610cdcbc-6f44-4a4f-9480-de23eb5ce10c	15062651	2026-06-11	16.88	2	33.76	5	70.50	11.7200	\N	\N	erp_sync	\N	2026-06-12 13:17:22.62454+00	2026-06-15 09:33:32.807268+00
9c058662-150f-744a-73ba-b0f3a6659167	8113166a-a7d3-4a94-a4d9-9c1f38049250	96916520-bf17-4e10-a835-0744a458771f	15062669	2026-06-11	5.28	16	84.49	16	90.00	2.2400	\N	\N	erp_sync	\N	2026-06-12 13:17:22.62454+00	2026-06-15 09:33:32.807268+00
abc4341b-0eab-c6fc-839c-f72c52410d89	8113166a-a7d3-4a94-a4d9-9c1f38049250	14f02014-6226-4cdc-9b43-b8ec3758bf78	15062681	2026-06-11	9.46	5	47.30	19	210.88	-15.2000	\N	\N	erp_sync	\N	2026-06-12 13:17:22.62454+00	2026-06-15 09:33:32.807268+00
48737c4e-6269-2fbe-6c14-251b69d68de2	8113166a-a7d3-4a94-a4d9-9c1f38049250	c93539a1-6bd7-4238-9de9-a1b853e37cca	15062746	2026-06-11	6.56	14	91.82	18	137.94	-10.6400	\N	\N	erp_sync	\N	2026-06-12 13:17:22.62454+00	2026-06-15 09:33:32.807268+00
6300161e-6b7c-38dd-d0ab-4ad62fba3596	8113166a-a7d3-4a94-a4d9-9c1f38049250	349a4d03-7e84-4e7b-9fc2-2ec59d2eb5a7	15062818	2026-06-11	6.81	15	102.22	23	158.08	21.4500	\N	\N	erp_sync	\N	2026-06-12 13:17:22.62454+00	2026-06-15 09:33:32.807268+00
6b90962f-75f2-eec5-d26b-22103aa5de8e	8113166a-a7d3-4a94-a4d9-9c1f38049250	a05e87e5-2dbf-48ee-93ee-c460a9cb4ac2	15062908	2026-06-11	6.15	3	18.44	3	16.25	1.8000	\N	\N	erp_sync	\N	2026-06-12 13:17:22.62454+00	2026-06-15 09:33:32.807268+00
fd2e7571-8720-f462-e325-cfe9afc5b2ed	8113166a-a7d3-4a94-a4d9-9c1f38049250	288016ec-3141-4f01-80a0-2ac2abe2a283	15062909	2026-06-11	7.71	2	15.41	2	12.50	4.3200	\N	\N	erp_sync	\N	2026-06-12 13:17:22.62454+00	2026-06-15 09:33:32.807268+00
c38ba4d2-ba90-63c5-9130-66ec462c2b3a	8113166a-a7d3-4a94-a4d9-9c1f38049250	3a78b9f8-648b-4e7b-b8be-81d201df7030	15801616	2026-06-11	2.63	1	2.63	20	63.30	-0.6200	\N	\N	erp_sync	\N	2026-06-12 13:17:22.62454+00	2026-06-15 09:33:32.807268+00
28453188-35c8-92d9-09f3-5aa85c61ea91	8113166a-a7d3-4a94-a4d9-9c1f38049250	8198db60-a8fb-4a03-a3fb-2b34c4a99ce5	15801623	2026-06-11	3.74	12	44.84	28	89.93	5.5200	\N	\N	erp_sync	\N	2026-06-12 13:17:22.62454+00	2026-06-15 09:33:32.807268+00
5d553251-9312-f526-85e6-635aadfb4c62	8113166a-a7d3-4a94-a4d9-9c1f38049250	8616a0ee-00ea-4123-87cb-6588a553fac5	15802903	2026-06-11	16.81	7	117.64	36	434.25	37.1700	\N	\N	erp_sync	\N	2026-06-12 13:17:22.62454+00	2026-06-15 09:33:32.807268+00
9788bd7f-24db-ce62-e692-f9e32f6b079b	8113166a-a7d3-4a94-a4d9-9c1f38049250	df293b9c-5a03-46bf-947d-06f2bed88212	15810371	2026-06-11	8.05	4	32.20	11	103.10	2.5200	\N	\N	erp_sync	\N	2026-06-12 13:17:22.62454+00	2026-06-15 09:33:32.807268+00
d8514d73-1f68-efbb-48de-572d3c5bb401	8113166a-a7d3-4a94-a4d9-9c1f38049250	f556f3a7-5372-4a89-a27a-549e83f2c2da	15810372	2026-06-11	10.06	2	20.12	6	50.49	5.2800	\N	\N	erp_sync	\N	2026-06-12 13:17:22.62454+00	2026-06-15 09:33:32.807268+00
07631fac-d6f5-9183-44d4-6797c8690b76	8113166a-a7d3-4a94-a4d9-9c1f38049250	cef81128-8e72-4ec6-b770-513668b8346d	15810735	2026-06-11	9.46	23	217.53	31	278.21	-22.0800	\N	\N	erp_sync	\N	2026-06-12 13:17:22.62454+00	2026-06-15 09:33:32.807268+00
9f731d47-1eeb-12ea-d0c7-a6ccadf5c397	8113166a-a7d3-4a94-a4d9-9c1f38049250	e6530089-2d5c-4f53-a130-29285493f07c	15810975	2026-06-11	14.22	5	71.11	14	180.70	19.7000	\N	\N	erp_sync	\N	2026-06-12 13:17:22.62454+00	2026-06-15 09:33:32.807268+00
3b989ac8-2689-041e-1d22-119f5ca3a0ec	8113166a-a7d3-4a94-a4d9-9c1f38049250	6acb3694-7dcc-4a58-82d1-635eb7e64081	15811085	2026-06-11	7.49	8	59.88	38	269.30	7.2800	\N	\N	erp_sync	\N	2026-06-12 13:17:22.62454+00	2026-06-15 09:33:32.807268+00
56773ddd-90df-d227-f6a3-cda394f69cdc	8113166a-a7d3-4a94-a4d9-9c1f38049250	5f5f3447-0c89-4f72-a6e9-81a144d8a953	16939443	2026-06-11	8.38	1	8.38	1	7.90	2.5100	\N	\N	erp_sync	\N	2026-06-12 13:17:22.62454+00	2026-06-15 09:33:32.807268+00
845c9587-ffc4-92c7-73aa-c0322e8e9488	8113166a-a7d3-4a94-a4d9-9c1f38049250	1c70a5bb-21a0-45ab-9791-8eb730c40637	23061399	2026-06-11	4.87	2	9.74	10	48.17	-2.6600	\N	\N	erp_sync	\N	2026-06-12 13:17:22.62454+00	2026-06-15 09:33:32.807268+00
e8f03aa8-25d1-8a92-15dd-87a6bd590bfe	8113166a-a7d3-4a94-a4d9-9c1f38049250	4ff3d2ea-c845-4b76-b34b-28d503181914	80643401	2026-06-11	10.15	5	50.77	20	201.80	10.0000	\N	\N	erp_sync	\N	2026-06-12 13:17:22.62454+00	2026-06-15 09:33:32.807268+00
\.


-- 竞品演示数据（绑定真实商品，便于比价联调）
INSERT INTO store_competitors (id, store_id, competitor_name, kind, city, address, distance_m)
SELECT 'aaaaaaaa-0000-4000-8000-000000000001', id, '零食很忙（万江店）', 'offline', '东莞', '万江街道金鳌大道 12 号', 280 FROM stores WHERE store_code = '粤37893';
INSERT INTO store_competitors (id, store_id, competitor_name, kind, distance_m)
SELECT 'aaaaaaaa-0000-4000-8000-000000000002', id, '美团闪购·便利仓', 'online', NULL FROM stores WHERE store_code = '粤37893';

-- 竞品 = 该店 05-28 快照销售额 Top3 商品的"同款"（映射 mapped_product_id）
WITH top3 AS (
  SELECT p.id AS product_id, p.product_name, p.brand, p.spec, s.retail_price,
         row_number() OVER (ORDER BY s.sales_amount_30d DESC NULLS LAST) AS rn
  FROM store_sku_snapshots s
  JOIN hq_products p ON p.id = s.product_id
  WHERE s.store_id = (SELECT id FROM stores WHERE store_code = '粤37893')
    AND s.snapshot_date = '2026-05-28'
  LIMIT 3
)
INSERT INTO store_competitor_products (id, competitor_id, product_name, brand, spec, mapped_product_id)
SELECT md5('cprod:' || c.id::text || ':' || t.product_id::text)::uuid,
       c.id, t.product_name, t.brand, t.spec, t.product_id
FROM top3 t
CROSS JOIN (SELECT id FROM store_competitors WHERE id IN ('aaaaaaaa-0000-4000-8000-000000000001','aaaaaaaa-0000-4000-8000-000000000002')) c;

-- 两期价格快照：竞对价 = 我方现价 × 0.95（期1）/ × 0.98（期2），留促销文案样例
INSERT INTO store_competitor_price_snapshots (id, competitor_product_id, snapshot_date, retail_price, promo_price, promo_text, source)
SELECT md5('cprice1:' || cp.id::text)::uuid, cp.id, '2026-05-28',
       round(COALESCE(s.retail_price, 10) * 0.95, 1), NULL, NULL, 'manual'
FROM store_competitor_products cp
JOIN store_sku_snapshots s ON s.product_id = cp.mapped_product_id
 AND s.store_id = (SELECT id FROM stores WHERE store_code = '粤37893') AND s.snapshot_date = '2026-05-28';
INSERT INTO store_competitor_price_snapshots (id, competitor_product_id, snapshot_date, retail_price, promo_price, promo_text, source)
SELECT md5('cprice2:' || cp.id::text)::uuid, cp.id, '2026-06-11',
       round(COALESCE(s.retail_price, 10) * 0.98, 1), round(COALESCE(s.retail_price, 10) * 0.88, 1), '第二件半价', 'photo'
FROM store_competitor_products cp
JOIN store_sku_snapshots s ON s.product_id = cp.mapped_product_id
 AND s.store_id = (SELECT id FROM stores WHERE store_code = '粤37893') AND s.snapshot_date = '2026-05-28';

COMMIT;
